incident_id,date,country,customer_type,tracking_number,carrier,category,description,status,customer_email,satisfaction_score
TRF-000001,2023-01-01,US,B2B,TRACK00000001,DHL_US,RETURN_REQUEST,Closed RETURN_REQUEST incident handled for DHL_US,CLOSED,client1@example.com,4
TRF-000002,2023-01-02,US,B2B,TRACK00000002,DHL_US,DELAYED_DELIVERY,Closed DELAYED_DELIVERY incident handled for DHL_US,CLOSED,client2@example.com,3
TRF-000003,2023-01-03,ES,B2C,TRACK00000003,LOCAL_ES,RETURN_REQUEST,Closed RETURN_REQUEST incident handled for LOCAL_ES,CLOSED,client3@example.com,3
TRF-000004,2023-01-04,ES,B2B,TRACK00000004,SEUR,WRONG_ADDRESS,Closed WRONG_ADDRESS incident handled for SEUR,CLOSED,client4@example.com,3
TRF-000005,2023-01-05,ES,B2C,TRACK00000005,DHL_ES,WRONG_ADDRESS,Closed WRONG_ADDRESS incident handled for DHL_ES,CLOSED,client5@example.com,3
TRF-000006,2023-01-06,US,B2C,TRACK00000006,UPS,LOST_PARCEL,Closed LOST_PARCEL incident handled for UPS,CLOSED,client6@example.com,1
TRF-000007,2023-01-07,ES,B2C,TRACK00000007,LOCAL_ES,DELAYED_DELIVERY,Closed DELAYED_DELIVERY incident handled for LOCAL_ES,CLOSED,client7@example.com,3
TRF-000008,2023-01-08,ES,B2C,TRACK00000008,SEUR,LOST_PARCEL,Closed LOST_PARCEL incident handled for SEUR,CLOSED,client8@example.com,2
TRF-000009,2023-01-09,ES,B2B,TRACK00000009,LOCAL_ES,RETURN_REQUEST,Closed RETURN_REQUEST incident handled for LOCAL_ES,CLOSED,client9@example.com,4
TRF-000010,2023-01-10,US,B2B,TRACK00000010,UPS,WRONG_ADDRESS,Closed WRONG_ADDRESS incident handled for UPS,CLOSED,client10@example.com,3
TRF-000011,2023-01-11,ES,B2C,TRACK00000011,DHL_ES,DELAYED_DELIVERY,Closed DELAYED_DELIVERY incident handled for DHL_ES,CLOSED,client11@example.com,3
TRF-000012,2023-01-12,ES,B2B,TRACK00000012,SEUR,LOST_PARCEL,Closed LOST_PARCEL incident handled for SEUR,CLOSED,client12@example.com,3
TRF-000013,2023-01-13,US,B2B,TRACK00000013,UPS,RETURN_REQUEST,Closed RETURN_REQUEST incident handled for UPS,CLOSED,client13@example.com,3
TRF-000014,2023-01-14,ES,B2B,TRACK00000014,DHL_ES,DAMAGE,Closed DAMAGE incident handled for DHL_ES,CLOSED,client14@example.com,3
TRF-000015,2023-01-15,ES,B2C,TRACK00000015,LOCAL_ES,WRONG_ADDRESS,Closed WRONG_ADDRESS incident handled for LOCAL_ES,CLOSED,client15@example.com,3
TRF-000016,2023-01-16,ES,B2C,TRACK00000016,SEUR,DELAYED_DELIVERY,Closed DELAYED_DELIVERY incident handled for SEUR,CLOSED,client16@example.com,3
TRF-000017,2023-01-17,ES,B2B,TRACK00000017,MRW,DAMAGE,Closed DAMAGE incident handled for MRW,CLOSED,client17@example.com,3
TRF-000018,2023-01-18,ES,B2C,TRACK00000018,DHL_ES,WRONG_ADDRESS,Closed WRONG_ADDRESS incident handled for DHL_ES,CLOSED,client18@example.com,2
TRF-000019,2023-01-19,ES,B2C,TRACK00000019,SEUR,WRONG_ADDRESS,Closed WRONG_ADDRESS incident handled for SEUR,CLOSED,client19@example.com,3
TRF-000020,2023-01-20,US,B2C,TRACK00000020,UPS,WRONG_ADDRESS,Closed WRONG_ADDRESS incident handled for UPS,CLOSED,client20@example.com,3
TRF-000021,2023-01-21,ES,B2C,TRACK00000021,DHL_ES,LOST_PARCEL,Closed LOST_PARCEL incident handled for DHL_ES,CLOSED,client21@example.com,2
TRF-000022,2023-01-22,ES,B2C,TRACK00000022,DHL_ES,LOST_PARCEL,Closed LOST_PARCEL incident handled for DHL_ES,CLOSED,client22@example.com,2
TRF-000023,2023-01-23,ES,B2B,TRACK00000023,MRW,DELAYED_DELIVERY,Closed DELAYED_DELIVERY incident handled for MRW,CLOSED,client23@example.com,4
TRF-000024,2023-01-24,US,B2C,TRACK00000024,FEDEX,DAMAGE,Closed DAMAGE incident handled for FEDEX,CLOSED,client24@example.com,2
TRF-000025,2023-01-25,ES,B2B,TRACK00000025,MRW,DAMAGE,Closed DAMAGE incident handled for MRW,CLOSED,client25@example.com,3
TRF-000026,2023-01-26,US,B2C,TRACK00000026,FEDEX,LOST_PARCEL,Closed LOST_PARCEL incident handled for FEDEX,CLOSED,client26@example.com,2
TRF-000027,2023-01-27,ES,B2B,TRACK00000027,DHL_ES,WRONG_ADDRESS,Closed WRONG_ADDRESS incident handled for DHL_ES,CLOSED,client27@example.com,3
TRF-000028,2023-01-28,US,B2B,TRACK00000028,UPS,DELAYED_DELIVERY,Closed DELAYED_DELIVERY incident handled for UPS,CLOSED,client28@example.com,3
TRF-000029,2023-01-29,ES,B2B,TRACK00000029,DHL_ES,RETURN_REQUEST,Closed RETURN_REQUEST incident handled for DHL_ES,CLOSED,client29@example.com,3
TRF-000030,2023-01-30,ES,B2B,TRACK00000030,DHL_ES,DAMAGE,Closed DAMAGE incident handled for DHL_ES,CLOSED,client30@example.com,3
TRF-000031,2023-01-31,US,B2B,TRACK00000031,FEDEX,LOST_PARCEL,Closed LOST_PARCEL incident handled for FEDEX,CLOSED,client31@example.com,2
TRF-000032,2023-02-01,ES,B2B,TRACK00000032,DHL_ES,RETURN_REQUEST,Closed RETURN_REQUEST incident handled for DHL_ES,CLOSED,client32@example.com,3
TRF-000033,2023-02-02,US,B2C,TRACK00000033,UPS,DELAYED_DELIVERY,Closed DELAYED_DELIVERY incident handled for UPS,CLOSED,client33@example.com,3
TRF-000034,2023-02-03,US,B2B,TRACK00000034,DHL_US,WRONG_ADDRESS,Closed WRONG_ADDRESS incident handled for DHL_US,CLOSED,client34@example.com,4
TRF-000035,2023-02-04,US,B2C,TRACK00000035,DHL_US,DELAYED_DELIVERY,Closed DELAYED_DELIVERY incident handled for DHL_US,CLOSED,client35@example.com,3
TRF-000036,2023-02-05,ES,B2B,TRACK00000036,SEUR,LOST_PARCEL,Closed LOST_PARCEL incident handled for SEUR,CLOSED,client36@example.com,2
TRF-000037,2023-02-06,US,B2B,TRACK00000037,FEDEX,RETURN_REQUEST,Closed RETURN_REQUEST incident handled for FEDEX,CLOSED,client37@example.com,4
TRF-000038,2023-02-07,ES,B2B,TRACK00000038,DHL_ES,WRONG_ADDRESS,Closed WRONG_ADDRESS incident handled for DHL_ES,CLOSED,client38@example.com,2
TRF-000039,2023-02-08,US,B2C,TRACK00000039,DHL_US,WRONG_ADDRESS,Closed WRONG_ADDRESS incident handled for DHL_US,CLOSED,client39@example.com,3
TRF-000040,2023-02-09,US,B2C,TRACK00000040,FEDEX,LOST_PARCEL,Closed LOST_PARCEL incident handled for FEDEX,CLOSED,client40@example.com,2
TRF-000041,2023-02-10,ES,B2B,TRACK00000041,MRW,RETURN_REQUEST,Closed RETURN_REQUEST incident handled for MRW,CLOSED,client41@example.com,4
TRF-000042,2023-02-11,US,B2B,TRACK00000042,FEDEX,LOST_PARCEL,Closed LOST_PARCEL incident handled for FEDEX,CLOSED,client42@example.com,2
TRF-000043,2023-02-12,ES,B2C,TRACK00000043,MRW,LOST_PARCEL,Closed LOST_PARCEL incident handled for MRW,CLOSED,client43@example.com,2
TRF-000044,2023-02-13,US,B2C,TRACK00000044,DHL_US,DAMAGE,Closed DAMAGE incident handled for DHL_US,CLOSED,client44@example.com,1
TRF-000045,2023-02-14,ES,B2B,TRACK00000045,DHL_ES,DELAYED_DELIVERY,Closed DELAYED_DELIVERY incident handled for DHL_ES,CLOSED,client45@example.com,2
TRF-000046,2023-02-15,US,B2C,TRACK00000046,FEDEX,WRONG_ADDRESS,Closed WRONG_ADDRESS incident handled for FEDEX,CLOSED,client46@example.com,3
TRF-000047,2023-02-16,US,B2B,TRACK00000047,FEDEX,RETURN_REQUEST,Closed RETURN_REQUEST incident handled for FEDEX,CLOSED,client47@example.com,4
TRF-000048,2023-02-17,US,B2B,TRACK00000048,FEDEX,WRONG_ADDRESS,Closed WRONG_ADDRESS incident handled for FEDEX,CLOSED,client48@example.com,3
TRF-000049,2023-02-18,ES,B2C,TRACK00000049,SEUR,WRONG_ADDRESS,Closed WRONG_ADDRESS incident handled for SEUR,CLOSED,client49@example.com,2
TRF-000050,2023-02-19,US,B2C,TRACK00000050,UPS,DELAYED_DELIVERY,Closed DELAYED_DELIVERY incident handled for UPS,CLOSED,client50@example.com,3
TRF-000051,2023-02-20,ES,B2C,TRACK00000051,MRW,DELAYED_DELIVERY,Closed DELAYED_DELIVERY incident handled for MRW,CLOSED,client51@example.com,2
TRF-000052,2023-02-21,ES,B2B,TRACK00000052,DHL_ES,LOST_PARCEL,Closed LOST_PARCEL incident handled for DHL_ES,CLOSED,client52@example.com,2
TRF-000053,2023-02-22,ES,B2C,TRACK00000053,DHL_ES,DAMAGE,Closed DAMAGE incident handled for DHL_ES,CLOSED,client53@example.com,3
TRF-000054,2023-02-23,ES,B2B,TRACK00000054,LOCAL_ES,DAMAGE,Closed DAMAGE incident handled for LOCAL_ES,CLOSED,client54@example.com,2
TRF-000055,2023-02-24,US,B2B,TRACK00000055,FEDEX,WRONG_ADDRESS,Closed WRONG_ADDRESS incident handled for FEDEX,CLOSED,client55@example.com,3
TRF-000056,2023-02-25,US,B2B,TRACK00000056,DHL_US,DAMAGE,Closed DAMAGE incident handled for DHL_US,CLOSED,client56@example.com,3
TRF-000057,2023-02-26,ES,B2C,TRACK00000057,SEUR,RETURN_REQUEST,Closed RETURN_REQUEST incident handled for SEUR,CLOSED,client57@example.com,3
TRF-000058,2023-02-27,ES,B2B,TRACK00000058,LOCAL_ES,LOST_PARCEL,Closed LOST_PARCEL incident handled for LOCAL_ES,CLOSED,client58@example.com,2
TRF-000059,2023-02-28,US,B2C,TRACK00000059,FEDEX,DAMAGE,Closed DAMAGE incident handled for FEDEX,CLOSED,client59@example.com,2
TRF-000060,2023-03-01,US,B2C,TRACK00000060,DHL_US,DAMAGE,Closed DAMAGE incident handled for DHL_US,CLOSED,client60@example.com,2
TRF-000061,2023-03-02,US,B2B,TRACK00000061,FEDEX,WRONG_ADDRESS,Closed WRONG_ADDRESS incident handled for FEDEX,CLOSED,client61@example.com,3
TRF-000062,2023-03-03,US,B2B,TRACK00000062,FEDEX,WRONG_ADDRESS,Closed WRONG_ADDRESS incident handled for FEDEX,CLOSED,client62@example.com,3
TRF-000063,2023-03-04,ES,B2B,TRACK00000063,DHL_ES,DELAYED_DELIVERY,Closed DELAYED_DELIVERY incident handled for DHL_ES,CLOSED,client63@example.com,3
TRF-000064,2023-03-05,ES,B2B,TRACK00000064,MRW,LOST_PARCEL,Closed LOST_PARCEL incident handled for MRW,CLOSED,client64@example.com,3
TRF-000065,2023-03-06,ES,B2B,TRACK00000065,MRW,RETURN_REQUEST,Closed RETURN_REQUEST incident handled for MRW,CLOSED,client65@example.com,5
TRF-000066,2023-03-07,ES,B2B,TRACK00000066,LOCAL_ES,LOST_PARCEL,Closed LOST_PARCEL incident handled for LOCAL_ES,CLOSED,client66@example.com,1
TRF-000067,2023-03-08,ES,B2C,TRACK00000067,LOCAL_ES,DELAYED_DELIVERY,Closed DELAYED_DELIVERY incident handled for LOCAL_ES,CLOSED,client67@example.com,3
TRF-000068,2023-03-09,US,B2B,TRACK00000068,UPS,DAMAGE,Closed DAMAGE incident handled for UPS,CLOSED,client68@example.com,3
TRF-000069,2023-03-10,US,B2C,TRACK00000069,UPS,LOST_PARCEL,Closed LOST_PARCEL incident handled for UPS,CLOSED,client69@example.com,1
TRF-000070,2023-03-11,US,B2C,TRACK00000070,FEDEX,DAMAGE,Closed DAMAGE incident handled for FEDEX,CLOSED,client70@example.com,2
TRF-000071,2023-03-12,US,B2C,TRACK00000071,UPS,DAMAGE,Closed DAMAGE incident handled for UPS,CLOSED,client71@example.com,3
TRF-000072,2023-03-13,US,B2B,TRACK00000072,DHL_US,DAMAGE,Closed DAMAGE incident handled for DHL_US,CLOSED,client72@example.com,2
TRF-000073,2023-03-14,ES,B2B,TRACK00000073,SEUR,LOST_PARCEL,Closed LOST_PARCEL incident handled for SEUR,CLOSED,client73@example.com,2
TRF-000074,2023-03-15,US,B2B,TRACK00000074,DHL_US,WRONG_ADDRESS,Closed WRONG_ADDRESS incident handled for DHL_US,CLOSED,client74@example.com,3
TRF-000075,2023-03-16,US,B2C,TRACK00000075,UPS,WRONG_ADDRESS,Closed WRONG_ADDRESS incident handled for UPS,CLOSED,client75@example.com,3
TRF-000076,2023-03-17,ES,B2B,TRACK00000076,MRW,RETURN_REQUEST,Closed RETURN_REQUEST incident handled for MRW,CLOSED,client76@example.com,4
TRF-000077,2023-03-18,US,B2C,TRACK00000077,DHL_US,LOST_PARCEL,Closed LOST_PARCEL incident handled for DHL_US,CLOSED,client77@example.com,1
TRF-000078,2023-03-19,ES,B2B,TRACK00000078,LOCAL_ES,WRONG_ADDRESS,Closed WRONG_ADDRESS incident handled for LOCAL_ES,CLOSED,client78@example.com,2
TRF-000079,2023-03-20,ES,B2B,TRACK00000079,MRW,RETURN_REQUEST,Closed RETURN_REQUEST incident handled for MRW,CLOSED,client79@example.com,3
TRF-000080,2023-03-21,US,B2B,TRACK00000080,DHL_US,WRONG_ADDRESS,Closed WRONG_ADDRESS incident handled for DHL_US,CLOSED,client80@example.com,3
TRF-000081,2023-03-22,ES,B2C,TRACK00000081,DHL_ES,DAMAGE,Closed DAMAGE incident handled for DHL_ES,CLOSED,client81@example.com,3
TRF-000082,2023-03-23,US,B2B,TRACK00000082,FEDEX,LOST_PARCEL,Closed LOST_PARCEL incident handled for FEDEX,CLOSED,client82@example.com,3
TRF-000083,2023-03-24,US,B2C,TRACK00000083,FEDEX,DAMAGE,Closed DAMAGE incident handled for FEDEX,CLOSED,client83@example.com,2
TRF-000084,2023-03-25,ES,B2B,TRACK00000084,MRW,DELAYED_DELIVERY,Closed DELAYED_DELIVERY incident handled for MRW,CLOSED,client84@example.com,3
TRF-000085,2023-03-26,ES,B2B,TRACK00000085,LOCAL_ES,DAMAGE,Closed DAMAGE incident handled for LOCAL_ES,CLOSED,client85@example.com,2
TRF-000086,2023-03-27,US,B2B,TRACK00000086,FEDEX,DELAYED_DELIVERY,Closed DELAYED_DELIVERY incident handled for FEDEX,CLOSED,client86@example.com,4
TRF-000087,2023-03-28,US,B2B,TRACK00000087,UPS,DAMAGE,Closed DAMAGE incident handled for UPS,CLOSED,client87@example.com,3
TRF-000088,2023-03-29,ES,B2B,TRACK00000088,MRW,LOST_PARCEL,Closed LOST_PARCEL incident handled for MRW,CLOSED,client88@example.com,2
TRF-000089,2023-03-30,US,B2B,TRACK00000089,UPS,WRONG_ADDRESS,Closed WRONG_ADDRESS incident handled for UPS,CLOSED,client89@example.com,3
TRF-000090,2023-03-31,US,B2B,TRACK00000090,UPS,DAMAGE,Closed DAMAGE incident handled for UPS,CLOSED,client90@example.com,3
TRF-000091,2023-04-01,ES,B2B,TRACK00000091,DHL_ES,DAMAGE,Closed DAMAGE incident handled for DHL_ES,CLOSED,client91@example.com,3
TRF-000092,2023-04-02,ES,B2C,TRACK00000092,DHL_ES,RETURN_REQUEST,Closed RETURN_REQUEST incident handled for DHL_ES,CLOSED,client92@example.com,3
TRF-000093,2023-04-03,ES,B2B,TRACK00000093,MRW,WRONG_ADDRESS,Closed WRONG_ADDRESS incident handled for MRW,CLOSED,client93@example.com,5
TRF-000094,2023-04-04,US,B2C,TRACK00000094,UPS,RETURN_REQUEST,Closed RETURN_REQUEST incident handled for UPS,CLOSED,client94@example.com,4
TRF-000095,2023-04-05,US,B2B,TRACK00000095,UPS,LOST_PARCEL,Closed LOST_PARCEL incident handled for UPS,CLOSED,client95@example.com,2
TRF-000096,2023-04-06,ES,B2C,TRACK00000096,MRW,LOST_PARCEL,Closed LOST_PARCEL incident handled for MRW,CLOSED,client96@example.com,2
TRF-000097,2023-04-07,US,B2B,TRACK00000097,DHL_US,RETURN_REQUEST,Closed RETURN_REQUEST incident handled for DHL_US,CLOSED,client97@example.com,4
TRF-000098,2023-04-08,ES,B2C,TRACK00000098,LOCAL_ES,DELAYED_DELIVERY,Closed DELAYED_DELIVERY incident handled for LOCAL_ES,CLOSED,client98@example.com,3
TRF-000099,2023-04-09,ES,B2C,TRACK00000099,LOCAL_ES,RETURN_REQUEST,Closed RETURN_REQUEST incident handled for LOCAL_ES,CLOSED,client99@example.com,3
TRF-000100,2023-04-10,ES,B2C,TRACK00000100,MRW,DAMAGE,Closed DAMAGE incident handled for MRW,CLOSED,client100@example.com,2
TRF-000101,2023-04-11,ES,B2B,TRACK00000101,LOCAL_ES,DAMAGE,Closed DAMAGE incident handled for LOCAL_ES,CLOSED,client101@example.com,2
TRF-000102,2023-04-12,ES,B2B,TRACK00000102,DHL_ES,DELAYED_DELIVERY,Closed DELAYED_DELIVERY incident handled for DHL_ES,CLOSED,client102@example.com,3
TRF-000103,2023-04-13,US,B2B,TRACK00000103,FEDEX,LOST_PARCEL,Closed LOST_PARCEL incident handled for FEDEX,CLOSED,client103@example.com,3
TRF-000104,2023-04-14,US,B2B,TRACK00000104,FEDEX,WRONG_ADDRESS,Closed WRONG_ADDRESS incident handled for FEDEX,CLOSED,client104@example.com,3
TRF-000105,2023-04-15,US,B2C,TRACK00000105,FEDEX,LOST_PARCEL,Closed LOST_PARCEL incident handled for FEDEX,CLOSED,client105@example.com,2
TRF-000106,2023-04-16,ES,B2C,TRACK00000106,LOCAL_ES,RETURN_REQUEST,Closed RETURN_REQUEST incident handled for LOCAL_ES,CLOSED,client106@example.com,4
TRF-000107,2023-04-17,ES,B2C,TRACK00000107,SEUR,WRONG_ADDRESS,Closed WRONG_ADDRESS incident handled for SEUR,CLOSED,client107@example.com,4
TRF-000108,2023-04-18,US,B2C,TRACK00000108,FEDEX,DELAYED_DELIVERY,Closed DELAYED_DELIVERY incident handled for FEDEX,CLOSED,client108@example.com,3
TRF-000109,2023-04-19,ES,B2B,TRACK00000109,DHL_ES,LOST_PARCEL,Closed LOST_PARCEL incident handled for DHL_ES,CLOSED,client109@example.com,3
TRF-000110,2023-04-20,US,B2C,TRACK00000110,UPS,WRONG_ADDRESS,Closed WRONG_ADDRESS incident handled for UPS,CLOSED,client110@example.com,3
TRF-000111,2023-04-21,ES,B2B,TRACK00000111,DHL_ES,RETURN_REQUEST,Closed RETURN_REQUEST incident handled for DHL_ES,CLOSED,client111@example.com,5
TRF-000112,2023-04-22,ES,B2C,TRACK00000112,MRW,WRONG_ADDRESS,Closed WRONG_ADDRESS incident handled for MRW,CLOSED,client112@example.com,3
TRF-000113,2023-04-23,ES,B2C,TRACK00000113,LOCAL_ES,LOST_PARCEL,Closed LOST_PARCEL incident handled for LOCAL_ES,CLOSED,client113@example.com,3
TRF-000114,2023-04-24,US,B2C,TRACK00000114,DHL_US,DAMAGE,Closed DAMAGE incident handled for DHL_US,CLOSED,client114@example.com,2
TRF-000115,2023-04-25,US,B2C,TRACK00000115,UPS,RETURN_REQUEST,Closed RETURN_REQUEST incident handled for UPS,CLOSED,client115@example.com,3
TRF-000116,2023-04-26,ES,B2B,TRACK00000116,DHL_ES,LOST_PARCEL,Closed LOST_PARCEL incident handled for DHL_ES,CLOSED,client116@example.com,3
TRF-000117,2023-04-27,US,B2B,TRACK00000117,FEDEX,WRONG_ADDRESS,Closed WRONG_ADDRESS incident handled for FEDEX,CLOSED,client117@example.com,3
TRF-000118,2023-04-28,ES,B2C,TRACK00000118,LOCAL_ES,DAMAGE,Closed DAMAGE incident handled for LOCAL_ES,CLOSED,client118@example.com,3
TRF-000119,2023-04-29,US,B2C,TRACK00000119,FEDEX,LOST_PARCEL,Closed LOST_PARCEL incident handled for FEDEX,CLOSED,client119@example.com,2
TRF-000120,2023-04-30,ES,B2B,TRACK00000120,MRW,RETURN_REQUEST,Closed RETURN_REQUEST incident handled for MRW,CLOSED,client120@example.com,4
TRF-000121,2023-05-01,ES,B2C,TRACK00000121,SEUR,DAMAGE,Closed DAMAGE incident handled for SEUR,CLOSED,client121@example.com,3
TRF-000122,2023-05-02,ES,B2C,TRACK00000122,SEUR,RETURN_REQUEST,Closed RETURN_REQUEST incident handled for SEUR,CLOSED,client122@example.com,4
TRF-000123,2023-05-03,ES,B2B,TRACK00000123,SEUR,RETURN_REQUEST,Closed RETURN_REQUEST incident handled for SEUR,CLOSED,client123@example.com,4
TRF-000124,2023-05-04,US,B2B,TRACK00000124,UPS,DAMAGE,Closed DAMAGE incident handled for UPS,CLOSED,client124@example.com,3
TRF-000125,2023-05-05,ES,B2B,TRACK00000125,SEUR,RETURN_REQUEST,Closed RETURN_REQUEST incident handled for SEUR,CLOSED,client125@example.com,5
TRF-000126,2023-05-06,US,B2C,TRACK00000126,FEDEX,DAMAGE,Closed DAMAGE incident handled for FEDEX,CLOSED,client126@example.com,2
TRF-000127,2023-05-07,ES,B2B,TRACK00000127,SEUR,LOST_PARCEL,Closed LOST_PARCEL incident handled for SEUR,CLOSED,client127@example.com,3
TRF-000128,2023-05-08,US,B2C,TRACK00000128,DHL_US,DAMAGE,Closed DAMAGE incident handled for DHL_US,CLOSED,client128@example.com,3
TRF-000129,2023-05-09,US,B2C,TRACK00000129,DHL_US,DAMAGE,Closed DAMAGE incident handled for DHL_US,CLOSED,client129@example.com,1
TRF-000130,2023-05-10,US,B2C,TRACK00000130,FEDEX,LOST_PARCEL,Closed LOST_PARCEL incident handled for FEDEX,CLOSED,client130@example.com,2
TRF-000131,2023-05-11,US,B2C,TRACK00000131,FEDEX,RETURN_REQUEST,Closed RETURN_REQUEST incident handled for FEDEX,CLOSED,client131@example.com,3
TRF-000132,2023-05-12,ES,B2B,TRACK00000132,SEUR,DELAYED_DELIVERY,Closed DELAYED_DELIVERY incident handled for SEUR,CLOSED,client132@example.com,4
TRF-000133,2023-05-13,ES,B2C,TRACK00000133,LOCAL_ES,RETURN_REQUEST,Closed RETURN_REQUEST incident handled for LOCAL_ES,CLOSED,client133@example.com,3
TRF-000134,2023-05-14,US,B2C,TRACK00000134,DHL_US,LOST_PARCEL,Closed LOST_PARCEL incident handled for DHL_US,CLOSED,client134@example.com,2
TRF-000135,2023-05-15,ES,B2B,TRACK00000135,LOCAL_ES,LOST_PARCEL,Closed LOST_PARCEL incident handled for LOCAL_ES,CLOSED,client135@example.com,2
TRF-000136,2023-05-16,ES,B2C,TRACK00000136,MRW,RETURN_REQUEST,Closed RETURN_REQUEST incident handled for MRW,CLOSED,client136@example.com,4
TRF-000137,2023-05-17,US,B2B,TRACK00000137,UPS,WRONG_ADDRESS,Closed WRONG_ADDRESS incident handled for UPS,CLOSED,client137@example.com,3
TRF-000138,2023-05-18,ES,B2C,TRACK00000138,MRW,LOST_PARCEL,Closed LOST_PARCEL incident handled for MRW,CLOSED,client138@example.com,2
TRF-000139,2023-05-19,ES,B2B,TRACK00000139,MRW,LOST_PARCEL,Closed LOST_PARCEL incident handled for MRW,CLOSED,client139@example.com,3
TRF-000140,2023-05-20,ES,B2C,TRACK00000140,DHL_ES,DAMAGE,Closed DAMAGE incident handled for DHL_ES,CLOSED,client140@example.com,1
TRF-000141,2023-05-21,US,B2B,TRACK00000141,DHL_US,DELAYED_DELIVERY,Closed DELAYED_DELIVERY incident handled for DHL_US,CLOSED,client141@example.com,4
TRF-000142,2023-05-22,ES,B2C,TRACK00000142,LOCAL_ES,LOST_PARCEL,Closed LOST_PARCEL incident handled for LOCAL_ES,CLOSED,client142@example.com,2
TRF-000143,2023-05-23,ES,B2B,TRACK00000143,LOCAL_ES,WRONG_ADDRESS,Closed WRONG_ADDRESS incident handled for LOCAL_ES,CLOSED,client143@example.com,2
TRF-000144,2023-05-24,US,B2C,TRACK00000144,UPS,RETURN_REQUEST,Closed RETURN_REQUEST incident handled for UPS,CLOSED,client144@example.com,4
TRF-000145,2023-05-25,ES,B2C,TRACK00000145,DHL_ES,LOST_PARCEL,Closed LOST_PARCEL incident handled for DHL_ES,CLOSED,client145@example.com,1
TRF-000146,2023-05-26,ES,B2B,TRACK00000146,DHL_ES,LOST_PARCEL,Closed LOST_PARCEL incident handled for DHL_ES,CLOSED,client146@example.com,2
TRF-000147,2023-05-27,US,B2C,TRACK00000147,DHL_US,WRONG_ADDRESS,Closed WRONG_ADDRESS incident handled for DHL_US,CLOSED,client147@example.com,2
TRF-000148,2023-05-28,ES,B2C,TRACK00000148,MRW,LOST_PARCEL,Closed LOST_PARCEL incident handled for MRW,CLOSED,client148@example.com,2
TRF-000149,2023-05-29,US,B2C,TRACK00000149,DHL_US,WRONG_ADDRESS,Closed WRONG_ADDRESS incident handled for DHL_US,CLOSED,client149@example.com,3
TRF-000150,2023-05-30,US,B2B,TRACK00000150,UPS,RETURN_REQUEST,Closed RETURN_REQUEST incident handled for UPS,CLOSED,client150@example.com,3
TRF-000151,2023-05-31,ES,B2C,TRACK00000151,SEUR,WRONG_ADDRESS,Closed WRONG_ADDRESS incident handled for SEUR,CLOSED,client151@example.com,3
TRF-000152,2023-06-01,ES,B2B,TRACK00000152,DHL_ES,WRONG_ADDRESS,Closed WRONG_ADDRESS incident handled for DHL_ES,CLOSED,client152@example.com,4
TRF-000153,2023-06-02,ES,B2C,TRACK00000153,SEUR,WRONG_ADDRESS,Closed WRONG_ADDRESS incident handled for SEUR,CLOSED,client153@example.com,3
TRF-000154,2023-06-03,US,B2C,TRACK00000154,FEDEX,WRONG_ADDRESS,Closed WRONG_ADDRESS incident handled for FEDEX,CLOSED,client154@example.com,3
TRF-000155,2023-06-04,US,B2B,TRACK00000155,FEDEX,RETURN_REQUEST,Closed RETURN_REQUEST incident handled for FEDEX,CLOSED,client155@example.com,5
TRF-000156,2023-06-05,US,B2B,TRACK00000156,UPS,DAMAGE,Closed DAMAGE incident handled for UPS,CLOSED,client156@example.com,3
TRF-000157,2023-06-06,US,B2B,TRACK00000157,UPS,RETURN_REQUEST,Closed RETURN_REQUEST incident handled for UPS,CLOSED,client157@example.com,4
TRF-000158,2023-06-07,US,B2B,TRACK00000158,FEDEX,DAMAGE,Closed DAMAGE incident handled for FEDEX,CLOSED,client158@example.com,2
TRF-000159,2023-06-08,ES,B2C,TRACK00000159,MRW,DAMAGE,Closed DAMAGE incident handled for MRW,CLOSED,client159@example.com,2
TRF-000160,2023-06-09,ES,B2B,TRACK00000160,MRW,DELAYED_DELIVERY,Closed DELAYED_DELIVERY incident handled for MRW,CLOSED,client160@example.com,5
TRF-000161,2023-06-10,US,B2C,TRACK00000161,UPS,LOST_PARCEL,Closed LOST_PARCEL incident handled for UPS,CLOSED,client161@example.com,2
TRF-000162,2023-06-11,ES,B2C,TRACK00000162,DHL_ES,WRONG_ADDRESS,Closed WRONG_ADDRESS incident handled for DHL_ES,CLOSED,client162@example.com,3
TRF-000163,2023-06-12,ES,B2C,TRACK00000163,SEUR,DELAYED_DELIVERY,Closed DELAYED_DELIVERY incident handled for SEUR,CLOSED,client163@example.com,4
TRF-000164,2023-06-13,US,B2C,TRACK00000164,FEDEX,WRONG_ADDRESS,Closed WRONG_ADDRESS incident handled for FEDEX,CLOSED,client164@example.com,4
TRF-000165,2023-06-14,ES,B2C,TRACK00000165,DHL_ES,DAMAGE,Closed DAMAGE incident handled for DHL_ES,CLOSED,client165@example.com,2
TRF-000166,2023-06-15,US,B2C,TRACK00000166,DHL_US,DAMAGE,Closed DAMAGE incident handled for DHL_US,CLOSED,client166@example.com,2
TRF-000167,2023-06-16,US,B2B,TRACK00000167,DHL_US,DELAYED_DELIVERY,Closed DELAYED_DELIVERY incident handled for DHL_US,CLOSED,client167@example.com,3
TRF-000168,2023-06-17,US,B2B,TRACK00000168,FEDEX,LOST_PARCEL,Closed LOST_PARCEL incident handled for FEDEX,CLOSED,client168@example.com,3
TRF-000169,2023-06-18,ES,B2B,TRACK00000169,LOCAL_ES,DAMAGE,Closed DAMAGE incident handled for LOCAL_ES,CLOSED,client169@example.com,2
TRF-000170,2023-06-19,ES,B2B,TRACK00000170,SEUR,WRONG_ADDRESS,Closed WRONG_ADDRESS incident handled for SEUR,CLOSED,client170@example.com,3
TRF-000171,2023-06-20,US,B2B,TRACK00000171,DHL_US,DAMAGE,Closed DAMAGE incident handled for DHL_US,CLOSED,client171@example.com,1
TRF-000172,2023-06-21,ES,B2B,TRACK00000172,LOCAL_ES,WRONG_ADDRESS,Closed WRONG_ADDRESS incident handled for LOCAL_ES,CLOSED,client172@example.com,3
TRF-000173,2023-06-22,US,B2B,TRACK00000173,FEDEX,RETURN_REQUEST,Closed RETURN_REQUEST incident handled for FEDEX,CLOSED,client173@example.com,2
TRF-000174,2023-06-23,ES,B2C,TRACK00000174,LOCAL_ES,LOST_PARCEL,Closed LOST_PARCEL incident handled for LOCAL_ES,CLOSED,client174@example.com,2
TRF-000175,2023-06-24,US,B2C,TRACK00000175,UPS,RETURN_REQUEST,Closed RETURN_REQUEST incident handled for UPS,CLOSED,client175@example.com,3
TRF-000176,2023-06-25,ES,B2C,TRACK00000176,SEUR,DAMAGE,Closed DAMAGE incident handled for SEUR,CLOSED,client176@example.com,2
TRF-000177,2023-06-26,ES,B2C,TRACK00000177,MRW,RETURN_REQUEST,Closed RETURN_REQUEST incident handled for MRW,CLOSED,client177@example.com,4
TRF-000178,2023-06-27,ES,B2C,TRACK00000178,MRW,WRONG_ADDRESS,Closed WRONG_ADDRESS incident handled for MRW,CLOSED,client178@example.com,4
TRF-000179,2023-06-28,ES,B2C,TRACK00000179,DHL_ES,DELAYED_DELIVERY,Closed DELAYED_DELIVERY incident handled for DHL_ES,CLOSED,client179@example.com,4
TRF-000180,2023-06-29,ES,B2B,TRACK00000180,MRW,WRONG_ADDRESS,Closed WRONG_ADDRESS incident handled for MRW,CLOSED,client180@example.com,3
TRF-000181,2023-06-30,US,B2C,TRACK00000181,UPS,DAMAGE,Closed DAMAGE incident handled for UPS,CLOSED,client181@example.com,3
TRF-000182,2023-07-01,US,B2B,TRACK00000182,FEDEX,DAMAGE,Closed DAMAGE incident handled for FEDEX,CLOSED,client182@example.com,2
TRF-000183,2023-07-02,US,B2B,TRACK00000183,DHL_US,DAMAGE,Closed DAMAGE incident handled for DHL_US,CLOSED,client183@example.com,2
TRF-000184,2023-07-03,US,B2B,TRACK00000184,UPS,LOST_PARCEL,Closed LOST_PARCEL incident handled for UPS,CLOSED,client184@example.com,3
TRF-000185,2023-07-04,ES,B2B,TRACK00000185,SEUR,LOST_PARCEL,Closed LOST_PARCEL incident handled for SEUR,CLOSED,client185@example.com,1
TRF-000186,2023-07-05,ES,B2C,TRACK00000186,LOCAL_ES,DAMAGE,Closed DAMAGE incident handled for LOCAL_ES,CLOSED,client186@example.com,2
TRF-000187,2023-07-06,US,B2C,TRACK00000187,DHL_US,RETURN_REQUEST,Closed RETURN_REQUEST incident handled for DHL_US,CLOSED,client187@example.com,4
TRF-000188,2023-07-07,ES,B2C,TRACK00000188,SEUR,RETURN_REQUEST,Closed RETURN_REQUEST incident handled for SEUR,CLOSED,client188@example.com,4
TRF-000189,2023-07-08,ES,B2B,TRACK00000189,LOCAL_ES,DELAYED_DELIVERY,Closed DELAYED_DELIVERY incident handled for LOCAL_ES,CLOSED,client189@example.com,3
TRF-000190,2023-07-09,ES,B2C,TRACK00000190,LOCAL_ES,DELAYED_DELIVERY,Closed DELAYED_DELIVERY incident handled for LOCAL_ES,CLOSED,client190@example.com,3
TRF-000191,2023-07-10,US,B2C,TRACK00000191,FEDEX,LOST_PARCEL,Closed LOST_PARCEL incident handled for FEDEX,CLOSED,client191@example.com,1
TRF-000192,2023-07-11,ES,B2C,TRACK00000192,SEUR,DAMAGE,Closed DAMAGE incident handled for SEUR,CLOSED,client192@example.com,2
TRF-000193,2023-07-12,US,B2C,TRACK00000193,FEDEX,DAMAGE,Closed DAMAGE incident handled for FEDEX,CLOSED,client193@example.com,2
TRF-000194,2023-07-13,US,B2B,TRACK00000194,UPS,LOST_PARCEL,Closed LOST_PARCEL incident handled for UPS,CLOSED,client194@example.com,3
TRF-000195,2023-07-14,US,B2C,TRACK00000195,UPS,RETURN_REQUEST,Closed RETURN_REQUEST incident handled for UPS,CLOSED,client195@example.com,4
TRF-000196,2023-07-15,US,B2C,TRACK00000196,UPS,LOST_PARCEL,Closed LOST_PARCEL incident handled for UPS,CLOSED,client196@example.com,2
TRF-000197,2023-07-16,US,B2C,TRACK00000197,UPS,LOST_PARCEL,Closed LOST_PARCEL incident handled for UPS,CLOSED,client197@example.com,2
TRF-000198,2023-07-17,ES,B2C,TRACK00000198,LOCAL_ES,DAMAGE,Closed DAMAGE incident handled for LOCAL_ES,CLOSED,client198@example.com,3
TRF-000199,2023-07-18,ES,B2C,TRACK00000199,LOCAL_ES,RETURN_REQUEST,Closed RETURN_REQUEST incident handled for LOCAL_ES,CLOSED,client199@example.com,2
TRF-000200,2023-07-19,US,B2C,TRACK00000200,DHL_US,RETURN_REQUEST,Closed RETURN_REQUEST incident handled for DHL_US,CLOSED,client200@example.com,3
TRF-000201,2023-07-20,US,B2C,TRACK00000201,UPS,WRONG_ADDRESS,Closed WRONG_ADDRESS incident handled for UPS,CLOSED,client201@example.com,2
TRF-000202,2023-07-21,ES,B2C,TRACK00000202,DHL_ES,DAMAGE,Closed DAMAGE incident handled for DHL_ES,CLOSED,client202@example.com,3
TRF-000203,2023-07-22,US,B2B,TRACK00000203,DHL_US,LOST_PARCEL,Closed LOST_PARCEL incident handled for DHL_US,CLOSED,client203@example.com,3
TRF-000204,2023-07-23,ES,B2B,TRACK00000204,DHL_ES,RETURN_REQUEST,Closed RETURN_REQUEST incident handled for DHL_ES,CLOSED,client204@example.com,3
TRF-000205,2023-07-24,US,B2C,TRACK00000205,UPS,WRONG_ADDRESS,Closed WRONG_ADDRESS incident handled for UPS,CLOSED,client205@example.com,3
TRF-000206,2023-07-25,ES,B2B,TRACK00000206,LOCAL_ES,DAMAGE,Closed DAMAGE incident handled for LOCAL_ES,CLOSED,client206@example.com,1
TRF-000207,2023-07-26,US,B2C,TRACK00000207,FEDEX,LOST_PARCEL,Closed LOST_PARCEL incident handled for FEDEX,CLOSED,client207@example.com,3
TRF-000208,2023-07-27,US,B2C,TRACK00000208,FEDEX,WRONG_ADDRESS,Closed WRONG_ADDRESS incident handled for FEDEX,CLOSED,client208@example.com,3
TRF-000209,2023-07-28,US,B2B,TRACK00000209,DHL_US,DELAYED_DELIVERY,Closed DELAYED_DELIVERY incident handled for DHL_US,CLOSED,client209@example.com,2
TRF-000210,2023-07-29,ES,B2B,TRACK00000210,MRW,DELAYED_DELIVERY,Closed DELAYED_DELIVERY incident handled for MRW,CLOSED,client210@example.com,4
TRF-000211,2023-07-30,ES,B2C,TRACK00000211,DHL_ES,RETURN_REQUEST,Closed RETURN_REQUEST incident handled for DHL_ES,CLOSED,client211@example.com,3
TRF-000212,2023-07-31,ES,B2C,TRACK00000212,DHL_ES,DELAYED_DELIVERY,Closed DELAYED_DELIVERY incident handled for DHL_ES,CLOSED,client212@example.com,3
TRF-000213,2023-08-01,ES,B2C,TRACK00000213,MRW,LOST_PARCEL,Closed LOST_PARCEL incident handled for MRW,CLOSED,client213@example.com,2
TRF-000214,2023-08-02,US,B2C,TRACK00000214,UPS,DAMAGE,Closed DAMAGE incident handled for UPS,CLOSED,client214@example.com,2
TRF-000215,2023-08-03,ES,B2B,TRACK00000215,MRW,RETURN_REQUEST,Closed RETURN_REQUEST incident handled for MRW,CLOSED,client215@example.com,4
TRF-000216,2023-08-04,ES,B2B,TRACK00000216,DHL_ES,DELAYED_DELIVERY,Closed DELAYED_DELIVERY incident handled for DHL_ES,CLOSED,client216@example.com,2
TRF-000217,2023-08-05,ES,B2C,TRACK00000217,SEUR,RETURN_REQUEST,Closed RETURN_REQUEST incident handled for SEUR,CLOSED,client217@example.com,3
TRF-000218,2023-08-06,ES,B2B,TRACK00000218,DHL_ES,WRONG_ADDRESS,Closed WRONG_ADDRESS incident handled for DHL_ES,CLOSED,client218@example.com,3
TRF-000219,2023-08-07,ES,B2B,TRACK00000219,LOCAL_ES,DAMAGE,Closed DAMAGE incident handled for LOCAL_ES,CLOSED,client219@example.com,3
TRF-000220,2023-08-08,ES,B2C,TRACK00000220,SEUR,WRONG_ADDRESS,Closed WRONG_ADDRESS incident handled for SEUR,CLOSED,client220@example.com,3
TRF-000221,2023-08-09,ES,B2B,TRACK00000221,LOCAL_ES,RETURN_REQUEST,Closed RETURN_REQUEST incident handled for LOCAL_ES,CLOSED,client221@example.com,3
TRF-000222,2023-08-10,ES,B2C,TRACK00000222,MRW,LOST_PARCEL,Closed LOST_PARCEL incident handled for MRW,CLOSED,client222@example.com,1
TRF-000223,2023-08-11,US,B2C,TRACK00000223,FEDEX,WRONG_ADDRESS,Closed WRONG_ADDRESS incident handled for FEDEX,CLOSED,client223@example.com,4
TRF-000224,2023-08-12,US,B2B,TRACK00000224,UPS,LOST_PARCEL,Closed LOST_PARCEL incident handled for UPS,CLOSED,client224@example.com,2
TRF-000225,2023-08-13,US,B2B,TRACK00000225,UPS,WRONG_ADDRESS,Closed WRONG_ADDRESS incident handled for UPS,CLOSED,client225@example.com,3
TRF-000226,2023-08-14,ES,B2B,TRACK00000226,DHL_ES,DAMAGE,Closed DAMAGE incident handled for DHL_ES,CLOSED,client226@example.com,2
TRF-000227,2023-08-15,ES,B2C,TRACK00000227,LOCAL_ES,DAMAGE,Closed DAMAGE incident handled for LOCAL_ES,CLOSED,client227@example.com,2
TRF-000228,2023-08-16,ES,B2C,TRACK00000228,SEUR,DELAYED_DELIVERY,Closed DELAYED_DELIVERY incident handled for SEUR,CLOSED,client228@example.com,2
TRF-000229,2023-08-17,ES,B2C,TRACK00000229,SEUR,DAMAGE,Closed DAMAGE incident handled for SEUR,CLOSED,client229@example.com,2
TRF-000230,2023-08-18,ES,B2C,TRACK00000230,DHL_ES,DELAYED_DELIVERY,Closed DELAYED_DELIVERY incident handled for DHL_ES,CLOSED,client230@example.com,3
TRF-000231,2023-08-19,US,B2B,TRACK00000231,UPS,DAMAGE,Closed DAMAGE incident handled for UPS,CLOSED,client231@example.com,3
TRF-000232,2023-08-20,US,B2C,TRACK00000232,UPS,DELAYED_DELIVERY,Closed DELAYED_DELIVERY incident handled for UPS,CLOSED,client232@example.com,4
TRF-000233,2023-08-21,US,B2C,TRACK00000233,FEDEX,DELAYED_DELIVERY,Closed DELAYED_DELIVERY incident handled for FEDEX,CLOSED,client233@example.com,3
TRF-000234,2023-08-22,ES,B2B,TRACK00000234,SEUR,DAMAGE,Closed DAMAGE incident handled for SEUR,CLOSED,client234@example.com,3
TRF-000235,2023-08-23,ES,B2C,TRACK00000235,DHL_ES,DELAYED_DELIVERY,Closed DELAYED_DELIVERY incident handled for DHL_ES,CLOSED,client235@example.com,3
TRF-000236,2023-08-24,US,B2B,TRACK00000236,DHL_US,WRONG_ADDRESS,Closed WRONG_ADDRESS incident handled for DHL_US,CLOSED,client236@example.com,3
TRF-000237,2023-08-25,US,B2C,TRACK00000237,UPS,WRONG_ADDRESS,Closed WRONG_ADDRESS incident handled for UPS,CLOSED,client237@example.com,3
TRF-000238,2023-08-26,ES,B2B,TRACK00000238,DHL_ES,DAMAGE,Closed DAMAGE incident handled for DHL_ES,CLOSED,client238@example.com,3
TRF-000239,2023-08-27,ES,B2B,TRACK00000239,LOCAL_ES,RETURN_REQUEST,Closed RETURN_REQUEST incident handled for LOCAL_ES,CLOSED,client239@example.com,3
TRF-000240,2023-08-28,US,B2B,TRACK00000240,UPS,WRONG_ADDRESS,Closed WRONG_ADDRESS incident handled for UPS,CLOSED,client240@example.com,3
TRF-000241,2023-08-29,US,B2B,TRACK00000241,FEDEX,RETURN_REQUEST,Closed RETURN_REQUEST incident handled for FEDEX,CLOSED,client241@example.com,4
TRF-000242,2023-08-30,ES,B2B,TRACK00000242,MRW,RETURN_REQUEST,Closed RETURN_REQUEST incident handled for MRW,CLOSED,client242@example.com,4
TRF-000243,2023-08-31,ES,B2B,TRACK00000243,DHL_ES,WRONG_ADDRESS,Closed WRONG_ADDRESS incident handled for DHL_ES,CLOSED,client243@example.com,3
TRF-000244,2023-09-01,US,B2B,TRACK00000244,FEDEX,DELAYED_DELIVERY,Closed DELAYED_DELIVERY incident handled for FEDEX,CLOSED,client244@example.com,3
TRF-000245,2023-09-02,US,B2C,TRACK00000245,UPS,WRONG_ADDRESS,Closed WRONG_ADDRESS incident handled for UPS,CLOSED,client245@example.com,3
TRF-000246,2023-09-03,US,B2B,TRACK00000246,FEDEX,DELAYED_DELIVERY,Closed DELAYED_DELIVERY incident handled for FEDEX,CLOSED,client246@example.com,3
TRF-000247,2023-09-04,US,B2C,TRACK00000247,FEDEX,WRONG_ADDRESS,Closed WRONG_ADDRESS incident handled for FEDEX,CLOSED,client247@example.com,2
TRF-000248,2023-09-05,ES,B2B,TRACK00000248,SEUR,DELAYED_DELIVERY,Closed DELAYED_DELIVERY incident handled for SEUR,CLOSED,client248@example.com,2
TRF-000249,2023-09-06,ES,B2C,TRACK00000249,SEUR,DAMAGE,Closed DAMAGE incident handled for SEUR,CLOSED,client249@example.com,3
TRF-000250,2023-09-07,ES,B2C,TRACK00000250,SEUR,DELAYED_DELIVERY,Closed DELAYED_DELIVERY incident handled for SEUR,CLOSED,client250@example.com,3
TRF-000251,2023-09-08,US,B2C,TRACK00000251,FEDEX,DAMAGE,Closed DAMAGE incident handled for FEDEX,CLOSED,client251@example.com,2
TRF-000252,2023-09-09,ES,B2B,TRACK00000252,MRW,DELAYED_DELIVERY,Closed DELAYED_DELIVERY incident handled for MRW,CLOSED,client252@example.com,4
TRF-000253,2023-09-10,US,B2B,TRACK00000253,UPS,DAMAGE,Closed DAMAGE incident handled for UPS,CLOSED,client253@example.com,3
TRF-000254,2023-09-11,US,B2C,TRACK00000254,UPS,RETURN_REQUEST,Closed RETURN_REQUEST incident handled for UPS,CLOSED,client254@example.com,4
TRF-000255,2023-09-12,US,B2C,TRACK00000255,FEDEX,DELAYED_DELIVERY,Closed DELAYED_DELIVERY incident handled for FEDEX,CLOSED,client255@example.com,2
TRF-000256,2023-09-13,US,B2C,TRACK00000256,UPS,DELAYED_DELIVERY,Closed DELAYED_DELIVERY incident handled for UPS,CLOSED,client256@example.com,4
TRF-000257,2023-09-14,US,B2C,TRACK00000257,UPS,DAMAGE,Closed DAMAGE incident handled for UPS,CLOSED,client257@example.com,2
TRF-000258,2023-09-15,US,B2C,TRACK00000258,UPS,DELAYED_DELIVERY,Closed DELAYED_DELIVERY incident handled for UPS,CLOSED,client258@example.com,3
TRF-000259,2023-09-16,ES,B2C,TRACK00000259,DHL_ES,DAMAGE,Closed DAMAGE incident handled for DHL_ES,CLOSED,client259@example.com,3
TRF-000260,2023-09-17,ES,B2B,TRACK00000260,LOCAL_ES,LOST_PARCEL,Closed LOST_PARCEL incident handled for LOCAL_ES,CLOSED,client260@example.com,2
TRF-000261,2023-09-18,US,B2B,TRACK00000261,FEDEX,DELAYED_DELIVERY,Closed DELAYED_DELIVERY incident handled for FEDEX,CLOSED,client261@example.com,4
TRF-000262,2023-09-19,ES,B2B,TRACK00000262,SEUR,DAMAGE,Closed DAMAGE incident handled for SEUR,CLOSED,client262@example.com,3
TRF-000263,2023-09-20,ES,B2B,TRACK00000263,SEUR,DELAYED_DELIVERY,Closed DELAYED_DELIVERY incident handled for SEUR,CLOSED,client263@example.com,3
TRF-000264,2023-09-21,ES,B2C,TRACK00000264,DHL_ES,DAMAGE,Closed DAMAGE incident handled for DHL_ES,CLOSED,client264@example.com,3
TRF-000265,2023-09-22,ES,B2C,TRACK00000265,SEUR,LOST_PARCEL,Closed LOST_PARCEL incident handled for SEUR,CLOSED,client265@example.com,3
TRF-000266,2023-09-23,US,B2B,TRACK00000266,UPS,RETURN_REQUEST,Closed RETURN_REQUEST incident handled for UPS,CLOSED,client266@example.com,3
TRF-000267,2023-09-24,US,B2C,TRACK00000267,UPS,RETURN_REQUEST,Closed RETURN_REQUEST incident handled for UPS,CLOSED,client267@example.com,3
TRF-000268,2023-09-25,US,B2B,TRACK00000268,UPS,DAMAGE,Closed DAMAGE incident handled for UPS,CLOSED,client268@example.com,4
TRF-000269,2023-09-26,ES,B2B,TRACK00000269,DHL_ES,DELAYED_DELIVERY,Closed DELAYED_DELIVERY incident handled for DHL_ES,CLOSED,client269@example.com,3
TRF-000270,2023-09-27,US,B2C,TRACK00000270,DHL_US,WRONG_ADDRESS,Closed WRONG_ADDRESS incident handled for DHL_US,CLOSED,client270@example.com,2
TRF-000271,2023-09-28,US,B2B,TRACK00000271,UPS,RETURN_REQUEST,Closed RETURN_REQUEST incident handled for UPS,CLOSED,client271@example.com,3
TRF-000272,2023-09-29,US,B2C,TRACK00000272,UPS,DELAYED_DELIVERY,Closed DELAYED_DELIVERY incident handled for UPS,CLOSED,client272@example.com,2
TRF-000273,2023-09-30,US,B2C,TRACK00000273,UPS,LOST_PARCEL,Closed LOST_PARCEL incident handled for UPS,CLOSED,client273@example.com,3
TRF-000274,2023-10-01,ES,B2B,TRACK00000274,LOCAL_ES,DAMAGE,Closed DAMAGE incident handled for LOCAL_ES,CLOSED,client274@example.com,2
TRF-000275,2023-10-02,US,B2B,TRACK00000275,FEDEX,WRONG_ADDRESS,Closed WRONG_ADDRESS incident handled for FEDEX,CLOSED,client275@example.com,3
TRF-000276,2023-10-03,ES,B2C,TRACK00000276,DHL_ES,RETURN_REQUEST,Closed RETURN_REQUEST incident handled for DHL_ES,CLOSED,client276@example.com,3
TRF-000277,2023-10-04,ES,B2B,TRACK00000277,LOCAL_ES,LOST_PARCEL,Closed LOST_PARCEL incident handled for LOCAL_ES,CLOSED,client277@example.com,2
TRF-000278,2023-10-05,ES,B2C,TRACK00000278,MRW,LOST_PARCEL,Closed LOST_PARCEL incident handled for MRW,CLOSED,client278@example.com,2
TRF-000279,2023-10-06,US,B2B,TRACK00000279,FEDEX,DAMAGE,Closed DAMAGE incident handled for FEDEX,CLOSED,client279@example.com,3
TRF-000280,2023-10-07,ES,B2C,TRACK00000280,SEUR,LOST_PARCEL,Closed LOST_PARCEL incident handled for SEUR,CLOSED,client280@example.com,2
TRF-000281,2023-10-08,US,B2B,TRACK00000281,DHL_US,DELAYED_DELIVERY,Closed DELAYED_DELIVERY incident handled for DHL_US,CLOSED,client281@example.com,4
TRF-000282,2023-10-09,ES,B2C,TRACK00000282,LOCAL_ES,DAMAGE,Closed DAMAGE incident handled for LOCAL_ES,CLOSED,client282@example.com,2
TRF-000283,2023-10-10,US,B2C,TRACK00000283,FEDEX,DAMAGE,Closed DAMAGE incident handled for FEDEX,CLOSED,client283@example.com,2
TRF-000284,2023-10-11,ES,B2C,TRACK00000284,SEUR,WRONG_ADDRESS,Closed WRONG_ADDRESS incident handled for SEUR,CLOSED,client284@example.com,3
TRF-000285,2023-10-12,ES,B2C,TRACK00000285,DHL_ES,WRONG_ADDRESS,Closed WRONG_ADDRESS incident handled for DHL_ES,CLOSED,client285@example.com,4
TRF-000286,2023-10-13,US,B2C,TRACK00000286,UPS,RETURN_REQUEST,Closed RETURN_REQUEST incident handled for UPS,CLOSED,client286@example.com,3
TRF-000287,2023-10-14,ES,B2B,TRACK00000287,LOCAL_ES,WRONG_ADDRESS,Closed WRONG_ADDRESS incident handled for LOCAL_ES,CLOSED,client287@example.com,4
TRF-000288,2023-10-15,US,B2B,TRACK00000288,DHL_US,WRONG_ADDRESS,Closed WRONG_ADDRESS incident handled for DHL_US,CLOSED,client288@example.com,4
TRF-000289,2023-10-16,ES,B2C,TRACK00000289,SEUR,DAMAGE,Closed DAMAGE incident handled for SEUR,CLOSED,client289@example.com,2
TRF-000290,2023-10-17,ES,B2B,TRACK00000290,SEUR,RETURN_REQUEST,Closed RETURN_REQUEST incident handled for SEUR,CLOSED,client290@example.com,5
TRF-000291,2023-10-18,ES,B2B,TRACK00000291,DHL_ES,DELAYED_DELIVERY,Closed DELAYED_DELIVERY incident handled for DHL_ES,CLOSED,client291@example.com,4
TRF-000292,2023-10-19,ES,B2B,TRACK00000292,LOCAL_ES,WRONG_ADDRESS,Closed WRONG_ADDRESS incident handled for LOCAL_ES,CLOSED,client292@example.com,3
TRF-000293,2023-10-20,US,B2B,TRACK00000293,FEDEX,DELAYED_DELIVERY,Closed DELAYED_DELIVERY incident handled for FEDEX,CLOSED,client293@example.com,4
TRF-000294,2023-10-21,US,B2C,TRACK00000294,UPS,DELAYED_DELIVERY,Closed DELAYED_DELIVERY incident handled for UPS,CLOSED,client294@example.com,2
TRF-000295,2023-10-22,US,B2B,TRACK00000295,DHL_US,RETURN_REQUEST,Closed RETURN_REQUEST incident handled for DHL_US,CLOSED,client295@example.com,3
TRF-000296,2023-10-23,US,B2C,TRACK00000296,DHL_US,WRONG_ADDRESS,Closed WRONG_ADDRESS incident handled for DHL_US,CLOSED,client296@example.com,2
TRF-000297,2023-10-24,US,B2B,TRACK00000297,UPS,DAMAGE,Closed DAMAGE incident handled for UPS,CLOSED,client297@example.com,3
TRF-000298,2023-10-25,US,B2B,TRACK00000298,FEDEX,WRONG_ADDRESS,Closed WRONG_ADDRESS incident handled for FEDEX,CLOSED,client298@example.com,3
TRF-000299,2023-10-26,US,B2C,TRACK00000299,FEDEX,LOST_PARCEL,Closed LOST_PARCEL incident handled for FEDEX,CLOSED,client299@example.com,2
TRF-000300,2023-10-27,ES,B2B,TRACK00000300,SEUR,DAMAGE,Closed DAMAGE incident handled for SEUR,CLOSED,client300@example.com,3
TRF-000301,2023-10-28,US,B2C,TRACK00000301,UPS,DELAYED_DELIVERY,Closed DELAYED_DELIVERY incident handled for UPS,CLOSED,client301@example.com,3
TRF-000302,2023-10-29,ES,B2C,TRACK00000302,LOCAL_ES,LOST_PARCEL,Closed LOST_PARCEL incident handled for LOCAL_ES,CLOSED,client302@example.com,1
TRF-000303,2023-10-30,US,B2B,TRACK00000303,DHL_US,WRONG_ADDRESS,Closed WRONG_ADDRESS incident handled for DHL_US,CLOSED,client303@example.com,3
TRF-000304,2023-10-31,ES,B2C,TRACK00000304,SEUR,DELAYED_DELIVERY,Closed DELAYED_DELIVERY incident handled for SEUR,CLOSED,client304@example.com,2
TRF-000305,2023-11-01,ES,B2C,TRACK00000305,LOCAL_ES,RETURN_REQUEST,Closed RETURN_REQUEST incident handled for LOCAL_ES,CLOSED,client305@example.com,3
TRF-000306,2023-11-02,ES,B2B,TRACK00000306,MRW,LOST_PARCEL,Closed LOST_PARCEL incident handled for MRW,CLOSED,client306@example.com,2
TRF-000307,2023-11-03,US,B2C,TRACK00000307,DHL_US,DELAYED_DELIVERY,Closed DELAYED_DELIVERY incident handled for DHL_US,CLOSED,client307@example.com,3
TRF-000308,2023-11-04,ES,B2B,TRACK00000308,SEUR,DAMAGE,Closed DAMAGE incident handled for SEUR,CLOSED,client308@example.com,3
TRF-000309,2023-11-05,US,B2C,TRACK00000309,DHL_US,LOST_PARCEL,Closed LOST_PARCEL incident handled for DHL_US,CLOSED,client309@example.com,3
TRF-000310,2023-11-06,ES,B2B,TRACK00000310,LOCAL_ES,WRONG_ADDRESS,Closed WRONG_ADDRESS incident handled for LOCAL_ES,CLOSED,client310@example.com,3
TRF-000311,2023-11-07,ES,B2B,TRACK00000311,MRW,DELAYED_DELIVERY,Closed DELAYED_DELIVERY incident handled for MRW,CLOSED,client311@example.com,3
TRF-000312,2023-11-08,ES,B2B,TRACK00000312,MRW,RETURN_REQUEST,Closed RETURN_REQUEST incident handled for MRW,CLOSED,client312@example.com,4
TRF-000313,2023-11-09,US,B2C,TRACK00000313,UPS,DAMAGE,Closed DAMAGE incident handled for UPS,CLOSED,client313@example.com,3
TRF-000314,2023-11-10,ES,B2B,TRACK00000314,LOCAL_ES,RETURN_REQUEST,Closed RETURN_REQUEST incident handled for LOCAL_ES,CLOSED,client314@example.com,4
TRF-000315,2023-11-11,ES,B2B,TRACK00000315,MRW,DELAYED_DELIVERY,Closed DELAYED_DELIVERY incident handled for MRW,CLOSED,client315@example.com,3
TRF-000316,2023-11-12,US,B2C,TRACK00000316,DHL_US,LOST_PARCEL,Closed LOST_PARCEL incident handled for DHL_US,CLOSED,client316@example.com,2
TRF-000317,2023-11-13,US,B2B,TRACK00000317,FEDEX,DELAYED_DELIVERY,Closed DELAYED_DELIVERY incident handled for FEDEX,CLOSED,client317@example.com,3
TRF-000318,2023-11-14,US,B2B,TRACK00000318,FEDEX,DAMAGE,Closed DAMAGE incident handled for FEDEX,CLOSED,client318@example.com,3
TRF-000319,2023-11-15,US,B2C,TRACK00000319,UPS,LOST_PARCEL,Closed LOST_PARCEL incident handled for UPS,CLOSED,client319@example.com,3
TRF-000320,2023-11-16,ES,B2B,TRACK00000320,LOCAL_ES,LOST_PARCEL,Closed LOST_PARCEL incident handled for LOCAL_ES,CLOSED,client320@example.com,2
TRF-000321,2023-11-17,ES,B2B,TRACK00000321,MRW,LOST_PARCEL,Closed LOST_PARCEL incident handled for MRW,CLOSED,client321@example.com,3
TRF-000322,2023-11-18,US,B2C,TRACK00000322,UPS,LOST_PARCEL,Closed LOST_PARCEL incident handled for UPS,CLOSED,client322@example.com,3
TRF-000323,2023-11-19,ES,B2B,TRACK00000323,DHL_ES,LOST_PARCEL,Closed LOST_PARCEL incident handled for DHL_ES,CLOSED,client323@example.com,2
TRF-000324,2023-11-20,ES,B2B,TRACK00000324,DHL_ES,RETURN_REQUEST,Closed RETURN_REQUEST incident handled for DHL_ES,CLOSED,client324@example.com,2
TRF-000325,2023-11-21,US,B2C,TRACK00000325,DHL_US,DAMAGE,Closed DAMAGE incident handled for DHL_US,CLOSED,client325@example.com,1
TRF-000326,2023-11-22,ES,B2C,TRACK00000326,MRW,DAMAGE,Closed DAMAGE incident handled for MRW,CLOSED,client326@example.com,2
TRF-000327,2023-11-23,ES,B2B,TRACK00000327,MRW,DAMAGE,Closed DAMAGE incident handled for MRW,CLOSED,client327@example.com,2
TRF-000328,2023-11-24,ES,B2C,TRACK00000328,DHL_ES,LOST_PARCEL,Closed LOST_PARCEL incident handled for DHL_ES,CLOSED,client328@example.com,2
TRF-000329,2023-11-25,ES,B2C,TRACK00000329,MRW,DELAYED_DELIVERY,Closed DELAYED_DELIVERY incident handled for MRW,CLOSED,client329@example.com,3
TRF-000330,2023-11-26,US,B2B,TRACK00000330,FEDEX,RETURN_REQUEST,Closed RETURN_REQUEST incident handled for FEDEX,CLOSED,client330@example.com,3
TRF-000331,2023-11-27,US,B2B,TRACK00000331,UPS,DAMAGE,Closed DAMAGE incident handled for UPS,CLOSED,client331@example.com,3
TRF-000332,2023-11-28,ES,B2B,TRACK00000332,MRW,WRONG_ADDRESS,Closed WRONG_ADDRESS incident handled for MRW,CLOSED,client332@example.com,3
TRF-000333,2023-11-29,US,B2C,TRACK00000333,FEDEX,LOST_PARCEL,Closed LOST_PARCEL incident handled for FEDEX,CLOSED,client333@example.com,2
TRF-000334,2023-11-30,US,B2B,TRACK00000334,DHL_US,RETURN_REQUEST,Closed RETURN_REQUEST incident handled for DHL_US,CLOSED,client334@example.com,4
TRF-000335,2023-12-01,ES,B2B,TRACK00000335,DHL_ES,LOST_PARCEL,Closed LOST_PARCEL incident handled for DHL_ES,CLOSED,client335@example.com,2
TRF-000336,2023-12-02,ES,B2B,TRACK00000336,SEUR,WRONG_ADDRESS,Closed WRONG_ADDRESS incident handled for SEUR,CLOSED,client336@example.com,3
TRF-000337,2023-12-03,ES,B2B,TRACK00000337,LOCAL_ES,WRONG_ADDRESS,Closed WRONG_ADDRESS incident handled for LOCAL_ES,CLOSED,client337@example.com,2
TRF-000338,2023-12-04,US,B2C,TRACK00000338,DHL_US,RETURN_REQUEST,Closed RETURN_REQUEST incident handled for DHL_US,CLOSED,client338@example.com,4
TRF-000339,2023-12-05,US,B2C,TRACK00000339,FEDEX,RETURN_REQUEST,Closed RETURN_REQUEST incident handled for FEDEX,CLOSED,client339@example.com,4
TRF-000340,2023-12-06,US,B2B,TRACK00000340,DHL_US,RETURN_REQUEST,Closed RETURN_REQUEST incident handled for DHL_US,CLOSED,client340@example.com,5
TRF-000341,2023-12-07,US,B2C,TRACK00000341,FEDEX,DAMAGE,Closed DAMAGE incident handled for FEDEX,CLOSED,client341@example.com,3
TRF-000342,2023-12-08,ES,B2C,TRACK00000342,DHL_ES,RETURN_REQUEST,Closed RETURN_REQUEST incident handled for DHL_ES,CLOSED,client342@example.com,4
TRF-000343,2023-12-09,US,B2B,TRACK00000343,FEDEX,WRONG_ADDRESS,Closed WRONG_ADDRESS incident handled for FEDEX,CLOSED,client343@example.com,3
TRF-000344,2023-12-10,US,B2B,TRACK00000344,FEDEX,DELAYED_DELIVERY,Closed DELAYED_DELIVERY incident handled for FEDEX,CLOSED,client344@example.com,4
TRF-000345,2023-12-11,US,B2C,TRACK00000345,DHL_US,LOST_PARCEL,Closed LOST_PARCEL incident handled for DHL_US,CLOSED,client345@example.com,2
TRF-000346,2023-12-12,US,B2B,TRACK00000346,UPS,DAMAGE,Closed DAMAGE incident handled for UPS,CLOSED,client346@example.com,4
TRF-000347,2023-12-13,US,B2C,TRACK00000347,DHL_US,DAMAGE,Closed DAMAGE incident handled for DHL_US,CLOSED,client347@example.com,2
TRF-000348,2023-12-14,ES,B2B,TRACK00000348,DHL_ES,LOST_PARCEL,Closed LOST_PARCEL incident handled for DHL_ES,CLOSED,client348@example.com,2
TRF-000349,2023-12-15,ES,B2B,TRACK00000349,MRW,DELAYED_DELIVERY,Closed DELAYED_DELIVERY incident handled for MRW,CLOSED,client349@example.com,4
TRF-000350,2023-12-16,ES,B2B,TRACK00000350,LOCAL_ES,RETURN_REQUEST,Closed RETURN_REQUEST incident handled for LOCAL_ES,CLOSED,client350@example.com,4
TRF-000351,2023-12-17,ES,B2C,TRACK00000351,DHL_ES,RETURN_REQUEST,Closed RETURN_REQUEST incident handled for DHL_ES,CLOSED,client351@example.com,2
TRF-000352,2023-12-18,ES,B2C,TRACK00000352,SEUR,DELAYED_DELIVERY,Closed DELAYED_DELIVERY incident handled for SEUR,CLOSED,client352@example.com,4
TRF-000353,2023-12-19,ES,B2B,TRACK00000353,LOCAL_ES,WRONG_ADDRESS,Closed WRONG_ADDRESS incident handled for LOCAL_ES,CLOSED,client353@example.com,3
TRF-000354,2023-12-20,ES,B2B,TRACK00000354,MRW,WRONG_ADDRESS,Closed WRONG_ADDRESS incident handled for MRW,CLOSED,client354@example.com,3
TRF-000355,2023-12-21,ES,B2B,TRACK00000355,DHL_ES,DELAYED_DELIVERY,Closed DELAYED_DELIVERY incident handled for DHL_ES,CLOSED,client355@example.com,4
TRF-000356,2023-12-22,ES,B2B,TRACK00000356,LOCAL_ES,DELAYED_DELIVERY,Closed DELAYED_DELIVERY incident handled for LOCAL_ES,CLOSED,client356@example.com,4
TRF-000357,2023-12-23,ES,B2C,TRACK00000357,SEUR,WRONG_ADDRESS,Closed WRONG_ADDRESS incident handled for SEUR,CLOSED,client357@example.com,2
TRF-000358,2023-12-24,ES,B2C,TRACK00000358,MRW,WRONG_ADDRESS,Closed WRONG_ADDRESS incident handled for MRW,CLOSED,client358@example.com,3
TRF-000359,2023-12-25,US,B2C,TRACK00000359,DHL_US,DAMAGE,Closed DAMAGE incident handled for DHL_US,CLOSED,client359@example.com,2
TRF-000360,2023-12-26,ES,B2C,TRACK00000360,LOCAL_ES,DELAYED_DELIVERY,Closed DELAYED_DELIVERY incident handled for LOCAL_ES,CLOSED,client360@example.com,4
TRF-000361,2023-12-27,ES,B2B,TRACK00000361,SEUR,RETURN_REQUEST,Closed RETURN_REQUEST incident handled for SEUR,CLOSED,client361@example.com,4
TRF-000362,2023-12-28,ES,B2B,TRACK00000362,SEUR,DELAYED_DELIVERY,Closed DELAYED_DELIVERY incident handled for SEUR,CLOSED,client362@example.com,4
TRF-000363,2023-12-29,US,B2B,TRACK00000363,FEDEX,DELAYED_DELIVERY,Closed DELAYED_DELIVERY incident handled for FEDEX,CLOSED,client363@example.com,3
TRF-000364,2023-12-30,US,B2B,TRACK00000364,DHL_US,WRONG_ADDRESS,Closed WRONG_ADDRESS incident handled for DHL_US,CLOSED,client364@example.com,3
TRF-000365,2023-12-31,US,B2C,TRACK00000365,FEDEX,WRONG_ADDRESS,Closed WRONG_ADDRESS incident handled for FEDEX,CLOSED,client365@example.com,4
TRF-000366,2024-01-01,US,B2C,TRACK00000366,UPS,RETURN_REQUEST,Closed RETURN_REQUEST incident handled for UPS,CLOSED,client366@example.com,3
TRF-000367,2024-01-02,US,B2C,TRACK00000367,FEDEX,WRONG_ADDRESS,Closed WRONG_ADDRESS incident handled for FEDEX,CLOSED,client367@example.com,2
TRF-000368,2024-01-03,ES,B2B,TRACK00000368,MRW,LOST_PARCEL,Closed LOST_PARCEL incident handled for MRW,CLOSED,client368@example.com,4
TRF-000369,2024-01-04,ES,B2C,TRACK00000369,LOCAL_ES,DELAYED_DELIVERY,Closed DELAYED_DELIVERY incident handled for LOCAL_ES,CLOSED,client369@example.com,3
TRF-000370,2024-01-05,ES,B2C,TRACK00000370,MRW,WRONG_ADDRESS,Closed WRONG_ADDRESS incident handled for MRW,CLOSED,client370@example.com,3
TRF-000371,2024-01-06,US,B2C,TRACK00000371,DHL_US,DELAYED_DELIVERY,Closed DELAYED_DELIVERY incident handled for DHL_US,CLOSED,client371@example.com,2
TRF-000372,2024-01-07,ES,B2B,TRACK00000372,LOCAL_ES,WRONG_ADDRESS,Closed WRONG_ADDRESS incident handled for LOCAL_ES,CLOSED,client372@example.com,3
TRF-000373,2024-01-08,ES,B2C,TRACK00000373,DHL_ES,DELAYED_DELIVERY,Closed DELAYED_DELIVERY incident handled for DHL_ES,CLOSED,client373@example.com,4
TRF-000374,2024-01-09,ES,B2C,TRACK00000374,DHL_ES,LOST_PARCEL,Closed LOST_PARCEL incident handled for DHL_ES,CLOSED,client374@example.com,3
TRF-000375,2024-01-10,US,B2C,TRACK00000375,UPS,RETURN_REQUEST,Closed RETURN_REQUEST incident handled for UPS,CLOSED,client375@example.com,4
TRF-000376,2024-01-11,US,B2B,TRACK00000376,UPS,DELAYED_DELIVERY,Closed DELAYED_DELIVERY incident handled for UPS,CLOSED,client376@example.com,4
TRF-000377,2024-01-12,US,B2C,TRACK00000377,UPS,DELAYED_DELIVERY,Closed DELAYED_DELIVERY incident handled for UPS,CLOSED,client377@example.com,3
TRF-000378,2024-01-13,US,B2C,TRACK00000378,DHL_US,RETURN_REQUEST,Closed RETURN_REQUEST incident handled for DHL_US,CLOSED,client378@example.com,3
TRF-000379,2024-01-14,ES,B2B,TRACK00000379,SEUR,DELAYED_DELIVERY,Closed DELAYED_DELIVERY incident handled for SEUR,CLOSED,client379@example.com,4
TRF-000380,2024-01-15,ES,B2B,TRACK00000380,LOCAL_ES,LOST_PARCEL,Closed LOST_PARCEL incident handled for LOCAL_ES,CLOSED,client380@example.com,2
TRF-000381,2024-01-16,US,B2C,TRACK00000381,UPS,WRONG_ADDRESS,Closed WRONG_ADDRESS incident handled for UPS,CLOSED,client381@example.com,4
TRF-000382,2024-01-17,US,B2C,TRACK00000382,UPS,DELAYED_DELIVERY,Closed DELAYED_DELIVERY incident handled for UPS,CLOSED,client382@example.com,3
TRF-000383,2024-01-18,ES,B2B,TRACK00000383,MRW,DELAYED_DELIVERY,Closed DELAYED_DELIVERY incident handled for MRW,CLOSED,client383@example.com,3
TRF-000384,2024-01-19,ES,B2B,TRACK00000384,LOCAL_ES,LOST_PARCEL,Closed LOST_PARCEL incident handled for LOCAL_ES,CLOSED,client384@example.com,2
TRF-000385,2024-01-20,ES,B2B,TRACK00000385,LOCAL_ES,DELAYED_DELIVERY,Closed DELAYED_DELIVERY incident handled for LOCAL_ES,CLOSED,client385@example.com,3
TRF-000386,2024-01-21,US,B2C,TRACK00000386,DHL_US,DELAYED_DELIVERY,Closed DELAYED_DELIVERY incident handled for DHL_US,CLOSED,client386@example.com,3
TRF-000387,2024-01-22,US,B2B,TRACK00000387,DHL_US,LOST_PARCEL,Closed LOST_PARCEL incident handled for DHL_US,CLOSED,client387@example.com,2
TRF-000388,2024-01-23,ES,B2B,TRACK00000388,DHL_ES,WRONG_ADDRESS,Closed WRONG_ADDRESS incident handled for DHL_ES,CLOSED,client388@example.com,3
TRF-000389,2024-01-24,US,B2C,TRACK00000389,FEDEX,WRONG_ADDRESS,Closed WRONG_ADDRESS incident handled for FEDEX,CLOSED,client389@example.com,4
TRF-000390,2024-01-25,US,B2B,TRACK00000390,FEDEX,WRONG_ADDRESS,Closed WRONG_ADDRESS incident handled for FEDEX,CLOSED,client390@example.com,3
TRF-000391,2024-01-26,ES,B2B,TRACK00000391,LOCAL_ES,DAMAGE,Closed DAMAGE incident handled for LOCAL_ES,CLOSED,client391@example.com,3
TRF-000392,2024-01-27,US,B2B,TRACK00000392,UPS,LOST_PARCEL,Closed LOST_PARCEL incident handled for UPS,CLOSED,client392@example.com,3
TRF-000393,2024-01-28,US,B2C,TRACK00000393,FEDEX,RETURN_REQUEST,Closed RETURN_REQUEST incident handled for FEDEX,CLOSED,client393@example.com,4
TRF-000394,2024-01-29,ES,B2B,TRACK00000394,DHL_ES,LOST_PARCEL,Closed LOST_PARCEL incident handled for DHL_ES,CLOSED,client394@example.com,2
TRF-000395,2024-01-30,US,B2C,TRACK00000395,DHL_US,DAMAGE,Closed DAMAGE incident handled for DHL_US,CLOSED,client395@example.com,1
TRF-000396,2024-01-31,US,B2B,TRACK00000396,UPS,RETURN_REQUEST,Closed RETURN_REQUEST incident handled for UPS,CLOSED,client396@example.com,4
TRF-000397,2024-02-01,ES,B2C,TRACK00000397,SEUR,DELAYED_DELIVERY,Closed DELAYED_DELIVERY incident handled for SEUR,CLOSED,client397@example.com,3
TRF-000398,2024-02-02,ES,B2C,TRACK00000398,DHL_ES,DELAYED_DELIVERY,Closed DELAYED_DELIVERY incident handled for DHL_ES,CLOSED,client398@example.com,4
TRF-000399,2024-02-03,US,B2B,TRACK00000399,UPS,WRONG_ADDRESS,Closed WRONG_ADDRESS incident handled for UPS,CLOSED,client399@example.com,3
TRF-000400,2024-02-04,US,B2B,TRACK00000400,FEDEX,RETURN_REQUEST,Closed RETURN_REQUEST incident handled for FEDEX,CLOSED,client400@example.com,3
TRF-000401,2024-02-05,US,B2C,TRACK00000401,DHL_US,LOST_PARCEL,Closed LOST_PARCEL incident handled for DHL_US,CLOSED,client401@example.com,2
TRF-000402,2024-02-06,US,B2B,TRACK00000402,FEDEX,RETURN_REQUEST,Closed RETURN_REQUEST incident handled for FEDEX,CLOSED,client402@example.com,4
TRF-000403,2024-02-07,US,B2C,TRACK00000403,UPS,WRONG_ADDRESS,Closed WRONG_ADDRESS incident handled for UPS,CLOSED,client403@example.com,3
TRF-000404,2024-02-08,ES,B2B,TRACK00000404,MRW,DELAYED_DELIVERY,Closed DELAYED_DELIVERY incident handled for MRW,CLOSED,client404@example.com,3
TRF-000405,2024-02-09,ES,B2C,TRACK00000405,LOCAL_ES,RETURN_REQUEST,Closed RETURN_REQUEST incident handled for LOCAL_ES,CLOSED,client405@example.com,4
TRF-000406,2024-02-10,ES,B2B,TRACK00000406,LOCAL_ES,LOST_PARCEL,Closed LOST_PARCEL incident handled for LOCAL_ES,CLOSED,client406@example.com,3
TRF-000407,2024-02-11,ES,B2B,TRACK00000407,LOCAL_ES,WRONG_ADDRESS,Closed WRONG_ADDRESS incident handled for LOCAL_ES,CLOSED,client407@example.com,4
TRF-000408,2024-02-12,US,B2B,TRACK00000408,FEDEX,WRONG_ADDRESS,Closed WRONG_ADDRESS incident handled for FEDEX,CLOSED,client408@example.com,3
TRF-000409,2024-02-13,US,B2B,TRACK00000409,UPS,DAMAGE,Closed DAMAGE incident handled for UPS,CLOSED,client409@example.com,2
TRF-000410,2024-02-14,US,B2B,TRACK00000410,FEDEX,WRONG_ADDRESS,Closed WRONG_ADDRESS incident handled for FEDEX,CLOSED,client410@example.com,3
TRF-000411,2024-02-15,ES,B2B,TRACK00000411,LOCAL_ES,LOST_PARCEL,Closed LOST_PARCEL incident handled for LOCAL_ES,CLOSED,client411@example.com,2
TRF-000412,2024-02-16,US,B2B,TRACK00000412,UPS,WRONG_ADDRESS,Closed WRONG_ADDRESS incident handled for UPS,CLOSED,client412@example.com,3
TRF-000413,2024-02-17,ES,B2B,TRACK00000413,DHL_ES,WRONG_ADDRESS,Closed WRONG_ADDRESS incident handled for DHL_ES,CLOSED,client413@example.com,3
TRF-000414,2024-02-18,US,B2B,TRACK00000414,DHL_US,RETURN_REQUEST,Closed RETURN_REQUEST incident handled for DHL_US,CLOSED,client414@example.com,3
TRF-000415,2024-02-19,US,B2C,TRACK00000415,UPS,WRONG_ADDRESS,Closed WRONG_ADDRESS incident handled for UPS,CLOSED,client415@example.com,2
TRF-000416,2024-02-20,US,B2C,TRACK00000416,DHL_US,DAMAGE,Closed DAMAGE incident handled for DHL_US,CLOSED,client416@example.com,3
TRF-000417,2024-02-21,ES,B2C,TRACK00000417,DHL_ES,LOST_PARCEL,Closed LOST_PARCEL incident handled for DHL_ES,CLOSED,client417@example.com,1
TRF-000418,2024-02-22,US,B2B,TRACK00000418,FEDEX,LOST_PARCEL,Closed LOST_PARCEL incident handled for FEDEX,CLOSED,client418@example.com,2
TRF-000419,2024-02-23,US,B2C,TRACK00000419,FEDEX,DAMAGE,Closed DAMAGE incident handled for FEDEX,CLOSED,client419@example.com,2
TRF-000420,2024-02-24,ES,B2B,TRACK00000420,LOCAL_ES,DELAYED_DELIVERY,Closed DELAYED_DELIVERY incident handled for LOCAL_ES,CLOSED,client420@example.com,3
TRF-000421,2024-02-25,ES,B2C,TRACK00000421,SEUR,RETURN_REQUEST,Closed RETURN_REQUEST incident handled for SEUR,CLOSED,client421@example.com,4
TRF-000422,2024-02-26,ES,B2B,TRACK00000422,SEUR,DELAYED_DELIVERY,Closed DELAYED_DELIVERY incident handled for SEUR,CLOSED,client422@example.com,4
TRF-000423,2024-02-27,ES,B2C,TRACK00000423,LOCAL_ES,LOST_PARCEL,Closed LOST_PARCEL incident handled for LOCAL_ES,CLOSED,client423@example.com,3
TRF-000424,2024-02-28,ES,B2B,TRACK00000424,SEUR,WRONG_ADDRESS,Closed WRONG_ADDRESS incident handled for SEUR,CLOSED,client424@example.com,3
TRF-000425,2024-02-29,US,B2C,TRACK00000425,DHL_US,DAMAGE,Closed DAMAGE incident handled for DHL_US,CLOSED,client425@example.com,2
TRF-000426,2024-03-01,ES,B2B,TRACK00000426,SEUR,DELAYED_DELIVERY,Closed DELAYED_DELIVERY incident handled for SEUR,CLOSED,client426@example.com,4
TRF-000427,2024-03-02,US,B2C,TRACK00000427,FEDEX,DELAYED_DELIVERY,Closed DELAYED_DELIVERY incident handled for FEDEX,CLOSED,client427@example.com,3
TRF-000428,2024-03-03,US,B2B,TRACK00000428,UPS,DAMAGE,Closed DAMAGE incident handled for UPS,CLOSED,client428@example.com,3
TRF-000429,2024-03-04,ES,B2B,TRACK00000429,MRW,DELAYED_DELIVERY,Closed DELAYED_DELIVERY incident handled for MRW,CLOSED,client429@example.com,4
TRF-000430,2024-03-05,ES,B2B,TRACK00000430,SEUR,DAMAGE,Closed DAMAGE incident handled for SEUR,CLOSED,client430@example.com,2
TRF-000431,2024-03-06,ES,B2B,TRACK00000431,LOCAL_ES,WRONG_ADDRESS,Closed WRONG_ADDRESS incident handled for LOCAL_ES,CLOSED,client431@example.com,2
TRF-000432,2024-03-07,ES,B2C,TRACK00000432,LOCAL_ES,LOST_PARCEL,Closed LOST_PARCEL incident handled for LOCAL_ES,CLOSED,client432@example.com,2
TRF-000433,2024-03-08,ES,B2C,TRACK00000433,MRW,RETURN_REQUEST,Closed RETURN_REQUEST incident handled for MRW,CLOSED,client433@example.com,4
TRF-000434,2024-03-09,US,B2C,TRACK00000434,DHL_US,DAMAGE,Closed DAMAGE incident handled for DHL_US,CLOSED,client434@example.com,2
TRF-000435,2024-03-10,ES,B2C,TRACK00000435,MRW,DAMAGE,Closed DAMAGE incident handled for MRW,CLOSED,client435@example.com,3
TRF-000436,2024-03-11,US,B2C,TRACK00000436,UPS,DELAYED_DELIVERY,Closed DELAYED_DELIVERY incident handled for UPS,CLOSED,client436@example.com,2
TRF-000437,2024-03-12,US,B2B,TRACK00000437,FEDEX,DELAYED_DELIVERY,Closed DELAYED_DELIVERY incident handled for FEDEX,CLOSED,client437@example.com,4
TRF-000438,2024-03-13,ES,B2B,TRACK00000438,LOCAL_ES,DAMAGE,Closed DAMAGE incident handled for LOCAL_ES,CLOSED,client438@example.com,3
TRF-000439,2024-03-14,ES,B2C,TRACK00000439,SEUR,DAMAGE,Closed DAMAGE incident handled for SEUR,CLOSED,client439@example.com,3
TRF-000440,2024-03-15,ES,B2C,TRACK00000440,MRW,WRONG_ADDRESS,Closed WRONG_ADDRESS incident handled for MRW,CLOSED,client440@example.com,2
TRF-000441,2024-03-16,US,B2C,TRACK00000441,FEDEX,DELAYED_DELIVERY,Closed DELAYED_DELIVERY incident handled for FEDEX,CLOSED,client441@example.com,2
TRF-000442,2024-03-17,ES,B2B,TRACK00000442,LOCAL_ES,DAMAGE,Closed DAMAGE incident handled for LOCAL_ES,CLOSED,client442@example.com,2
TRF-000443,2024-03-18,ES,B2B,TRACK00000443,LOCAL_ES,WRONG_ADDRESS,Closed WRONG_ADDRESS incident handled for LOCAL_ES,CLOSED,client443@example.com,2
TRF-000444,2024-03-19,US,B2B,TRACK00000444,DHL_US,WRONG_ADDRESS,Closed WRONG_ADDRESS incident handled for DHL_US,CLOSED,client444@example.com,3
TRF-000445,2024-03-20,ES,B2C,TRACK00000445,LOCAL_ES,RETURN_REQUEST,Closed RETURN_REQUEST incident handled for LOCAL_ES,CLOSED,client445@example.com,4
TRF-000446,2024-03-21,ES,B2B,TRACK00000446,SEUR,LOST_PARCEL,Closed LOST_PARCEL incident handled for SEUR,CLOSED,client446@example.com,2
TRF-000447,2024-03-22,ES,B2C,TRACK00000447,LOCAL_ES,DELAYED_DELIVERY,Closed DELAYED_DELIVERY incident handled for LOCAL_ES,CLOSED,client447@example.com,3
TRF-000448,2024-03-23,ES,B2C,TRACK00000448,SEUR,RETURN_REQUEST,Closed RETURN_REQUEST incident handled for SEUR,CLOSED,client448@example.com,4
TRF-000449,2024-03-24,ES,B2B,TRACK00000449,DHL_ES,WRONG_ADDRESS,Closed WRONG_ADDRESS incident handled for DHL_ES,CLOSED,client449@example.com,4
TRF-000450,2024-03-25,ES,B2C,TRACK00000450,MRW,RETURN_REQUEST,Closed RETURN_REQUEST incident handled for MRW,CLOSED,client450@example.com,4
TRF-000451,2024-03-26,ES,B2B,TRACK00000451,DHL_ES,LOST_PARCEL,Closed LOST_PARCEL incident handled for DHL_ES,CLOSED,client451@example.com,3
TRF-000452,2024-03-27,ES,B2B,TRACK00000452,DHL_ES,DAMAGE,Closed DAMAGE incident handled for DHL_ES,CLOSED,client452@example.com,3
TRF-000453,2024-03-28,ES,B2B,TRACK00000453,MRW,WRONG_ADDRESS,Closed WRONG_ADDRESS incident handled for MRW,CLOSED,client453@example.com,3
TRF-000454,2024-03-29,ES,B2B,TRACK00000454,LOCAL_ES,LOST_PARCEL,Closed LOST_PARCEL incident handled for LOCAL_ES,CLOSED,client454@example.com,2
TRF-000455,2024-03-30,US,B2B,TRACK00000455,DHL_US,DELAYED_DELIVERY,Closed DELAYED_DELIVERY incident handled for DHL_US,CLOSED,client455@example.com,4
TRF-000456,2024-03-31,ES,B2C,TRACK00000456,LOCAL_ES,DAMAGE,Closed DAMAGE incident handled for LOCAL_ES,CLOSED,client456@example.com,2
TRF-000457,2024-04-01,US,B2B,TRACK00000457,FEDEX,DELAYED_DELIVERY,Closed DELAYED_DELIVERY incident handled for FEDEX,CLOSED,client457@example.com,3
TRF-000458,2024-04-02,US,B2C,TRACK00000458,DHL_US,WRONG_ADDRESS,Closed WRONG_ADDRESS incident handled for DHL_US,CLOSED,client458@example.com,3
TRF-000459,2024-04-03,US,B2B,TRACK00000459,DHL_US,WRONG_ADDRESS,Closed WRONG_ADDRESS incident handled for DHL_US,CLOSED,client459@example.com,3
TRF-000460,2024-04-04,US,B2C,TRACK00000460,UPS,DELAYED_DELIVERY,Closed DELAYED_DELIVERY incident handled for UPS,CLOSED,client460@example.com,3
TRF-000461,2024-04-05,ES,B2B,TRACK00000461,MRW,DELAYED_DELIVERY,Closed DELAYED_DELIVERY incident handled for MRW,CLOSED,client461@example.com,5
TRF-000462,2024-04-06,ES,B2C,TRACK00000462,MRW,RETURN_REQUEST,Closed RETURN_REQUEST incident handled for MRW,CLOSED,client462@example.com,4
TRF-000463,2024-04-07,ES,B2B,TRACK00000463,DHL_ES,RETURN_REQUEST,Closed RETURN_REQUEST incident handled for DHL_ES,CLOSED,client463@example.com,4
TRF-000464,2024-04-08,ES,B2C,TRACK00000464,MRW,LOST_PARCEL,Closed LOST_PARCEL incident handled for MRW,CLOSED,client464@example.com,3
TRF-000465,2024-04-09,ES,B2B,TRACK00000465,MRW,WRONG_ADDRESS,Closed WRONG_ADDRESS incident handled for MRW,CLOSED,client465@example.com,3
TRF-000466,2024-04-10,US,B2C,TRACK00000466,UPS,RETURN_REQUEST,Closed RETURN_REQUEST incident handled for UPS,CLOSED,client466@example.com,4
TRF-000467,2024-04-11,ES,B2C,TRACK00000467,LOCAL_ES,LOST_PARCEL,Closed LOST_PARCEL incident handled for LOCAL_ES,CLOSED,client467@example.com,2
TRF-000468,2024-04-12,US,B2B,TRACK00000468,DHL_US,RETURN_REQUEST,Closed RETURN_REQUEST incident handled for DHL_US,CLOSED,client468@example.com,4
TRF-000469,2024-04-13,US,B2C,TRACK00000469,FEDEX,DELAYED_DELIVERY,Closed DELAYED_DELIVERY incident handled for FEDEX,CLOSED,client469@example.com,3
TRF-000470,2024-04-14,US,B2C,TRACK00000470,DHL_US,WRONG_ADDRESS,Closed WRONG_ADDRESS incident handled for DHL_US,CLOSED,client470@example.com,1
TRF-000471,2024-04-15,US,B2B,TRACK00000471,FEDEX,DAMAGE,Closed DAMAGE incident handled for FEDEX,CLOSED,client471@example.com,2
TRF-000472,2024-04-16,US,B2B,TRACK00000472,FEDEX,LOST_PARCEL,Closed LOST_PARCEL incident handled for FEDEX,CLOSED,client472@example.com,2
TRF-000473,2024-04-17,ES,B2B,TRACK00000473,LOCAL_ES,RETURN_REQUEST,Closed RETURN_REQUEST incident handled for LOCAL_ES,CLOSED,client473@example.com,3
TRF-000474,2024-04-18,ES,B2B,TRACK00000474,DHL_ES,LOST_PARCEL,Closed LOST_PARCEL incident handled for DHL_ES,CLOSED,client474@example.com,2
TRF-000475,2024-04-19,ES,B2C,TRACK00000475,MRW,DELAYED_DELIVERY,Closed DELAYED_DELIVERY incident handled for MRW,CLOSED,client475@example.com,4
TRF-000476,2024-04-20,US,B2C,TRACK00000476,FEDEX,RETURN_REQUEST,Closed RETURN_REQUEST incident handled for FEDEX,CLOSED,client476@example.com,3
TRF-000477,2024-04-21,US,B2B,TRACK00000477,UPS,WRONG_ADDRESS,Closed WRONG_ADDRESS incident handled for UPS,CLOSED,client477@example.com,3
TRF-000478,2024-04-22,ES,B2B,TRACK00000478,MRW,LOST_PARCEL,Closed LOST_PARCEL incident handled for MRW,CLOSED,client478@example.com,3
TRF-000479,2024-04-23,US,B2C,TRACK00000479,DHL_US,DELAYED_DELIVERY,Closed DELAYED_DELIVERY incident handled for DHL_US,CLOSED,client479@example.com,3
TRF-000480,2024-04-24,ES,B2C,TRACK00000480,MRW,WRONG_ADDRESS,Closed WRONG_ADDRESS incident handled for MRW,CLOSED,client480@example.com,4
TRF-000481,2024-04-25,ES,B2C,TRACK00000481,LOCAL_ES,RETURN_REQUEST,Closed RETURN_REQUEST incident handled for LOCAL_ES,CLOSED,client481@example.com,4
TRF-000482,2024-04-26,US,B2B,TRACK00000482,UPS,WRONG_ADDRESS,Closed WRONG_ADDRESS incident handled for UPS,CLOSED,client482@example.com,4
TRF-000483,2024-04-27,ES,B2B,TRACK00000483,LOCAL_ES,DAMAGE,Closed DAMAGE incident handled for LOCAL_ES,CLOSED,client483@example.com,2
TRF-000484,2024-04-28,US,B2B,TRACK00000484,FEDEX,WRONG_ADDRESS,Closed WRONG_ADDRESS incident handled for FEDEX,CLOSED,client484@example.com,4
TRF-000485,2024-04-29,US,B2C,TRACK00000485,FEDEX,LOST_PARCEL,Closed LOST_PARCEL incident handled for FEDEX,CLOSED,client485@example.com,3
TRF-000486,2024-04-30,ES,B2C,TRACK00000486,MRW,RETURN_REQUEST,Closed RETURN_REQUEST incident handled for MRW,CLOSED,client486@example.com,4
TRF-000487,2024-05-01,ES,B2B,TRACK00000487,LOCAL_ES,RETURN_REQUEST,Closed RETURN_REQUEST incident handled for LOCAL_ES,CLOSED,client487@example.com,3
TRF-000488,2024-05-02,ES,B2C,TRACK00000488,SEUR,WRONG_ADDRESS,Closed WRONG_ADDRESS incident handled for SEUR,CLOSED,client488@example.com,3
TRF-000489,2024-05-03,ES,B2C,TRACK00000489,SEUR,DELAYED_DELIVERY,Closed DELAYED_DELIVERY incident handled for SEUR,CLOSED,client489@example.com,3
TRF-000490,2024-05-04,ES,B2B,TRACK00000490,SEUR,DAMAGE,Closed DAMAGE incident handled for SEUR,CLOSED,client490@example.com,3
TRF-000491,2024-05-05,ES,B2B,TRACK00000491,DHL_ES,DELAYED_DELIVERY,Closed DELAYED_DELIVERY incident handled for DHL_ES,CLOSED,client491@example.com,3
TRF-000492,2024-05-06,ES,B2C,TRACK00000492,MRW,WRONG_ADDRESS,Closed WRONG_ADDRESS incident handled for MRW,CLOSED,client492@example.com,4
TRF-000493,2024-05-07,US,B2B,TRACK00000493,DHL_US,DELAYED_DELIVERY,Closed DELAYED_DELIVERY incident handled for DHL_US,CLOSED,client493@example.com,3
TRF-000494,2024-05-08,ES,B2C,TRACK00000494,LOCAL_ES,RETURN_REQUEST,Closed RETURN_REQUEST incident handled for LOCAL_ES,CLOSED,client494@example.com,3
TRF-000495,2024-05-09,ES,B2C,TRACK00000495,SEUR,WRONG_ADDRESS,Closed WRONG_ADDRESS incident handled for SEUR,CLOSED,client495@example.com,4
TRF-000496,2024-05-10,ES,B2B,TRACK00000496,DHL_ES,DELAYED_DELIVERY,Closed DELAYED_DELIVERY incident handled for DHL_ES,CLOSED,client496@example.com,4
TRF-000497,2024-05-11,ES,B2C,TRACK00000497,DHL_ES,DAMAGE,Closed DAMAGE incident handled for DHL_ES,CLOSED,client497@example.com,2
TRF-000498,2024-05-12,ES,B2C,TRACK00000498,SEUR,RETURN_REQUEST,Closed RETURN_REQUEST incident handled for SEUR,CLOSED,client498@example.com,4
TRF-000499,2024-05-13,US,B2B,TRACK00000499,DHL_US,WRONG_ADDRESS,Closed WRONG_ADDRESS incident handled for DHL_US,CLOSED,client499@example.com,2
TRF-000500,2024-05-14,ES,B2B,TRACK00000500,DHL_ES,DELAYED_DELIVERY,Closed DELAYED_DELIVERY incident handled for DHL_ES,CLOSED,client500@example.com,4
TRF-000501,2024-05-15,US,B2C,TRACK00000501,FEDEX,LOST_PARCEL,Closed LOST_PARCEL incident handled for FEDEX,CLOSED,client501@example.com,2
TRF-000502,2024-05-16,ES,B2B,TRACK00000502,SEUR,WRONG_ADDRESS,Closed WRONG_ADDRESS incident handled for SEUR,CLOSED,client502@example.com,2
TRF-000503,2024-05-17,ES,B2B,TRACK00000503,MRW,DELAYED_DELIVERY,Closed DELAYED_DELIVERY incident handled for MRW,CLOSED,client503@example.com,4
TRF-000504,2024-05-18,US,B2C,TRACK00000504,FEDEX,LOST_PARCEL,Closed LOST_PARCEL incident handled for FEDEX,CLOSED,client504@example.com,2
TRF-000505,2024-05-19,US,B2B,TRACK00000505,DHL_US,DAMAGE,Closed DAMAGE incident handled for DHL_US,CLOSED,client505@example.com,3
TRF-000506,2024-05-20,ES,B2B,TRACK00000506,SEUR,DAMAGE,Closed DAMAGE incident handled for SEUR,CLOSED,client506@example.com,3
TRF-000507,2024-05-21,US,B2B,TRACK00000507,UPS,DELAYED_DELIVERY,Closed DELAYED_DELIVERY incident handled for UPS,CLOSED,client507@example.com,3
TRF-000508,2024-05-22,ES,B2B,TRACK00000508,DHL_ES,LOST_PARCEL,Closed LOST_PARCEL incident handled for DHL_ES,CLOSED,client508@example.com,2
TRF-000509,2024-05-23,US,B2C,TRACK00000509,DHL_US,WRONG_ADDRESS,Closed WRONG_ADDRESS incident handled for DHL_US,CLOSED,client509@example.com,3
TRF-000510,2024-05-24,US,B2C,TRACK00000510,FEDEX,WRONG_ADDRESS,Closed WRONG_ADDRESS incident handled for FEDEX,CLOSED,client510@example.com,3
TRF-000511,2024-05-25,US,B2B,TRACK00000511,FEDEX,LOST_PARCEL,Closed LOST_PARCEL incident handled for FEDEX,CLOSED,client511@example.com,2
TRF-000512,2024-05-26,US,B2B,TRACK00000512,FEDEX,RETURN_REQUEST,Closed RETURN_REQUEST incident handled for FEDEX,CLOSED,client512@example.com,4
TRF-000513,2024-05-27,US,B2B,TRACK00000513,UPS,LOST_PARCEL,Closed LOST_PARCEL incident handled for UPS,CLOSED,client513@example.com,3
TRF-000514,2024-05-28,US,B2B,TRACK00000514,FEDEX,RETURN_REQUEST,Closed RETURN_REQUEST incident handled for FEDEX,CLOSED,client514@example.com,3
TRF-000515,2024-05-29,ES,B2C,TRACK00000515,MRW,WRONG_ADDRESS,Closed WRONG_ADDRESS incident handled for MRW,CLOSED,client515@example.com,3
TRF-000516,2024-05-30,US,B2C,TRACK00000516,FEDEX,RETURN_REQUEST,Closed RETURN_REQUEST incident handled for FEDEX,CLOSED,client516@example.com,3
TRF-000517,2024-05-31,ES,B2C,TRACK00000517,LOCAL_ES,WRONG_ADDRESS,Closed WRONG_ADDRESS incident handled for LOCAL_ES,CLOSED,client517@example.com,3
TRF-000518,2024-06-01,ES,B2C,TRACK00000518,LOCAL_ES,WRONG_ADDRESS,Closed WRONG_ADDRESS incident handled for LOCAL_ES,CLOSED,client518@example.com,3
TRF-000519,2024-06-02,ES,B2B,TRACK00000519,MRW,RETURN_REQUEST,Closed RETURN_REQUEST incident handled for MRW,CLOSED,client519@example.com,3
TRF-000520,2024-06-03,US,B2B,TRACK00000520,FEDEX,WRONG_ADDRESS,Closed WRONG_ADDRESS incident handled for FEDEX,CLOSED,client520@example.com,3
TRF-000521,2024-06-04,ES,B2C,TRACK00000521,DHL_ES,RETURN_REQUEST,Closed RETURN_REQUEST incident handled for DHL_ES,CLOSED,client521@example.com,5
TRF-000522,2024-06-05,ES,B2C,TRACK00000522,MRW,LOST_PARCEL,Closed LOST_PARCEL incident handled for MRW,CLOSED,client522@example.com,1
TRF-000523,2024-06-06,ES,B2C,TRACK00000523,LOCAL_ES,RETURN_REQUEST,Closed RETURN_REQUEST incident handled for LOCAL_ES,CLOSED,client523@example.com,3
TRF-000524,2024-06-07,US,B2B,TRACK00000524,UPS,LOST_PARCEL,Closed LOST_PARCEL incident handled for UPS,CLOSED,client524@example.com,2
TRF-000525,2024-06-08,ES,B2C,TRACK00000525,DHL_ES,RETURN_REQUEST,Closed RETURN_REQUEST incident handled for DHL_ES,CLOSED,client525@example.com,3
TRF-000526,2024-06-09,ES,B2B,TRACK00000526,DHL_ES,RETURN_REQUEST,Closed RETURN_REQUEST incident handled for DHL_ES,CLOSED,client526@example.com,4
TRF-000527,2024-06-10,US,B2B,TRACK00000527,UPS,RETURN_REQUEST,Closed RETURN_REQUEST incident handled for UPS,CLOSED,client527@example.com,4
TRF-000528,2024-06-11,ES,B2C,TRACK00000528,SEUR,LOST_PARCEL,Closed LOST_PARCEL incident handled for SEUR,CLOSED,client528@example.com,2
TRF-000529,2024-06-12,ES,B2B,TRACK00000529,MRW,RETURN_REQUEST,Closed RETURN_REQUEST incident handled for MRW,CLOSED,client529@example.com,5
TRF-000530,2024-06-13,ES,B2C,TRACK00000530,SEUR,DAMAGE,Closed DAMAGE incident handled for SEUR,CLOSED,client530@example.com,3
TRF-000531,2024-06-14,US,B2C,TRACK00000531,DHL_US,DAMAGE,Closed DAMAGE incident handled for DHL_US,CLOSED,client531@example.com,2
TRF-000532,2024-06-15,ES,B2C,TRACK00000532,SEUR,DELAYED_DELIVERY,Closed DELAYED_DELIVERY incident handled for SEUR,CLOSED,client532@example.com,3
TRF-000533,2024-06-16,US,B2B,TRACK00000533,FEDEX,DAMAGE,Closed DAMAGE incident handled for FEDEX,CLOSED,client533@example.com,3
TRF-000534,2024-06-17,ES,B2C,TRACK00000534,LOCAL_ES,RETURN_REQUEST,Closed RETURN_REQUEST incident handled for LOCAL_ES,CLOSED,client534@example.com,4
TRF-000535,2024-06-18,ES,B2B,TRACK00000535,LOCAL_ES,DAMAGE,Closed DAMAGE incident handled for LOCAL_ES,CLOSED,client535@example.com,3
TRF-000536,2024-06-19,ES,B2C,TRACK00000536,DHL_ES,DELAYED_DELIVERY,Closed DELAYED_DELIVERY incident handled for DHL_ES,CLOSED,client536@example.com,3
TRF-000537,2024-06-20,US,B2C,TRACK00000537,UPS,DAMAGE,Closed DAMAGE incident handled for UPS,CLOSED,client537@example.com,3
TRF-000538,2024-06-21,ES,B2B,TRACK00000538,MRW,LOST_PARCEL,Closed LOST_PARCEL incident handled for MRW,CLOSED,client538@example.com,2
TRF-000539,2024-06-22,US,B2B,TRACK00000539,FEDEX,DELAYED_DELIVERY,Closed DELAYED_DELIVERY incident handled for FEDEX,CLOSED,client539@example.com,3
TRF-000540,2024-06-23,ES,B2B,TRACK00000540,SEUR,WRONG_ADDRESS,Closed WRONG_ADDRESS incident handled for SEUR,CLOSED,client540@example.com,2
TRF-000541,2024-06-24,ES,B2C,TRACK00000541,DHL_ES,RETURN_REQUEST,Closed RETURN_REQUEST incident handled for DHL_ES,CLOSED,client541@example.com,4
TRF-000542,2024-06-25,US,B2B,TRACK00000542,FEDEX,RETURN_REQUEST,Closed RETURN_REQUEST incident handled for FEDEX,CLOSED,client542@example.com,4
TRF-000543,2024-06-26,US,B2C,TRACK00000543,UPS,DAMAGE,Closed DAMAGE incident handled for UPS,CLOSED,client543@example.com,3
TRF-000544,2024-06-27,ES,B2B,TRACK00000544,MRW,WRONG_ADDRESS,Closed WRONG_ADDRESS incident handled for MRW,CLOSED,client544@example.com,2
TRF-000545,2024-06-28,US,B2B,TRACK00000545,UPS,WRONG_ADDRESS,Closed WRONG_ADDRESS incident handled for UPS,CLOSED,client545@example.com,4
TRF-000546,2024-06-29,US,B2C,TRACK00000546,DHL_US,DELAYED_DELIVERY,Closed DELAYED_DELIVERY incident handled for DHL_US,CLOSED,client546@example.com,3
TRF-000547,2024-06-30,ES,B2B,TRACK00000547,SEUR,RETURN_REQUEST,Closed RETURN_REQUEST incident handled for SEUR,CLOSED,client547@example.com,4
TRF-000548,2024-07-01,US,B2C,TRACK00000548,UPS,LOST_PARCEL,Closed LOST_PARCEL incident handled for UPS,CLOSED,client548@example.com,3
TRF-000549,2024-07-02,ES,B2C,TRACK00000549,MRW,WRONG_ADDRESS,Closed WRONG_ADDRESS incident handled for MRW,CLOSED,client549@example.com,3
TRF-000550,2024-07-03,US,B2B,TRACK00000550,UPS,LOST_PARCEL,Closed LOST_PARCEL incident handled for UPS,CLOSED,client550@example.com,3
TRF-000551,2024-07-04,US,B2B,TRACK00000551,DHL_US,LOST_PARCEL,Closed LOST_PARCEL incident handled for DHL_US,CLOSED,client551@example.com,2
TRF-000552,2024-07-05,ES,B2C,TRACK00000552,LOCAL_ES,DELAYED_DELIVERY,Closed DELAYED_DELIVERY incident handled for LOCAL_ES,CLOSED,client552@example.com,4
TRF-000553,2024-07-06,ES,B2C,TRACK00000553,MRW,DAMAGE,Closed DAMAGE incident handled for MRW,CLOSED,client553@example.com,2
TRF-000554,2024-07-07,US,B2C,TRACK00000554,FEDEX,WRONG_ADDRESS,Closed WRONG_ADDRESS incident handled for FEDEX,CLOSED,client554@example.com,3
TRF-000555,2024-07-08,US,B2C,TRACK00000555,DHL_US,LOST_PARCEL,Closed LOST_PARCEL incident handled for DHL_US,CLOSED,client555@example.com,1
TRF-000556,2024-07-09,ES,B2C,TRACK00000556,SEUR,LOST_PARCEL,Closed LOST_PARCEL incident handled for SEUR,CLOSED,client556@example.com,2
TRF-000557,2024-07-10,ES,B2C,TRACK00000557,DHL_ES,LOST_PARCEL,Closed LOST_PARCEL incident handled for DHL_ES,CLOSED,client557@example.com,1
TRF-000558,2024-07-11,US,B2B,TRACK00000558,UPS,DAMAGE,Closed DAMAGE incident handled for UPS,CLOSED,client558@example.com,3
TRF-000559,2024-07-12,ES,B2C,TRACK00000559,DHL_ES,WRONG_ADDRESS,Closed WRONG_ADDRESS incident handled for DHL_ES,CLOSED,client559@example.com,3
TRF-000560,2024-07-13,ES,B2C,TRACK00000560,LOCAL_ES,DAMAGE,Closed DAMAGE incident handled for LOCAL_ES,CLOSED,client560@example.com,3
TRF-000561,2024-07-14,ES,B2C,TRACK00000561,DHL_ES,DELAYED_DELIVERY,Closed DELAYED_DELIVERY incident handled for DHL_ES,CLOSED,client561@example.com,3
TRF-000562,2024-07-15,ES,B2C,TRACK00000562,MRW,DELAYED_DELIVERY,Closed DELAYED_DELIVERY incident handled for MRW,CLOSED,client562@example.com,2
TRF-000563,2024-07-16,US,B2C,TRACK00000563,DHL_US,DAMAGE,Closed DAMAGE incident handled for DHL_US,CLOSED,client563@example.com,4
TRF-000564,2024-07-17,US,B2C,TRACK00000564,FEDEX,DELAYED_DELIVERY,Closed DELAYED_DELIVERY incident handled for FEDEX,CLOSED,client564@example.com,4
TRF-000565,2024-07-18,US,B2B,TRACK00000565,DHL_US,DELAYED_DELIVERY,Closed DELAYED_DELIVERY incident handled for DHL_US,CLOSED,client565@example.com,4
TRF-000566,2024-07-19,ES,B2B,TRACK00000566,LOCAL_ES,LOST_PARCEL,Closed LOST_PARCEL incident handled for LOCAL_ES,CLOSED,client566@example.com,2
TRF-000567,2024-07-20,ES,B2C,TRACK00000567,SEUR,RETURN_REQUEST,Closed RETURN_REQUEST incident handled for SEUR,CLOSED,client567@example.com,4
TRF-000568,2024-07-21,ES,B2C,TRACK00000568,SEUR,DELAYED_DELIVERY,Closed DELAYED_DELIVERY incident handled for SEUR,CLOSED,client568@example.com,2
TRF-000569,2024-07-22,US,B2C,TRACK00000569,FEDEX,DELAYED_DELIVERY,Closed DELAYED_DELIVERY incident handled for FEDEX,CLOSED,client569@example.com,3
TRF-000570,2024-07-23,ES,B2B,TRACK00000570,MRW,WRONG_ADDRESS,Closed WRONG_ADDRESS incident handled for MRW,CLOSED,client570@example.com,3
TRF-000571,2024-07-24,US,B2B,TRACK00000571,FEDEX,RETURN_REQUEST,Closed RETURN_REQUEST incident handled for FEDEX,CLOSED,client571@example.com,4
TRF-000572,2024-07-25,US,B2C,TRACK00000572,FEDEX,DAMAGE,Closed DAMAGE incident handled for FEDEX,CLOSED,client572@example.com,3
TRF-000573,2024-07-26,ES,B2C,TRACK00000573,SEUR,WRONG_ADDRESS,Closed WRONG_ADDRESS incident handled for SEUR,CLOSED,client573@example.com,3
TRF-000574,2024-07-27,US,B2B,TRACK00000574,DHL_US,WRONG_ADDRESS,Closed WRONG_ADDRESS incident handled for DHL_US,CLOSED,client574@example.com,2
TRF-000575,2024-07-28,US,B2C,TRACK00000575,DHL_US,RETURN_REQUEST,Closed RETURN_REQUEST incident handled for DHL_US,CLOSED,client575@example.com,3
TRF-000576,2024-07-29,ES,B2C,TRACK00000576,DHL_ES,WRONG_ADDRESS,Closed WRONG_ADDRESS incident handled for DHL_ES,CLOSED,client576@example.com,4
TRF-000577,2024-07-30,ES,B2B,TRACK00000577,MRW,WRONG_ADDRESS,Closed WRONG_ADDRESS incident handled for MRW,CLOSED,client577@example.com,3
TRF-000578,2024-07-31,US,B2C,TRACK00000578,DHL_US,LOST_PARCEL,Closed LOST_PARCEL incident handled for DHL_US,CLOSED,client578@example.com,1
TRF-000579,2024-08-01,ES,B2B,TRACK00000579,DHL_ES,LOST_PARCEL,Closed LOST_PARCEL incident handled for DHL_ES,CLOSED,client579@example.com,2
TRF-000580,2024-08-02,US,B2B,TRACK00000580,FEDEX,DELAYED_DELIVERY,Closed DELAYED_DELIVERY incident handled for FEDEX,CLOSED,client580@example.com,4
TRF-000581,2024-08-03,ES,B2B,TRACK00000581,LOCAL_ES,LOST_PARCEL,Closed LOST_PARCEL incident handled for LOCAL_ES,CLOSED,client581@example.com,3
TRF-000582,2024-08-04,US,B2C,TRACK00000582,UPS,DELAYED_DELIVERY,Closed DELAYED_DELIVERY incident handled for UPS,CLOSED,client582@example.com,4
TRF-000583,2024-08-05,ES,B2B,TRACK00000583,LOCAL_ES,DAMAGE,Closed DAMAGE incident handled for LOCAL_ES,CLOSED,client583@example.com,3
TRF-000584,2024-08-06,US,B2B,TRACK00000584,UPS,LOST_PARCEL,Closed LOST_PARCEL incident handled for UPS,CLOSED,client584@example.com,2
TRF-000585,2024-08-07,US,B2C,TRACK00000585,UPS,LOST_PARCEL,Closed LOST_PARCEL incident handled for UPS,CLOSED,client585@example.com,3
TRF-000586,2024-08-08,US,B2C,TRACK00000586,UPS,WRONG_ADDRESS,Closed WRONG_ADDRESS incident handled for UPS,CLOSED,client586@example.com,3
TRF-000587,2024-08-09,US,B2C,TRACK00000587,DHL_US,LOST_PARCEL,Closed LOST_PARCEL incident handled for DHL_US,CLOSED,client587@example.com,2
TRF-000588,2024-08-10,US,B2C,TRACK00000588,FEDEX,WRONG_ADDRESS,Closed WRONG_ADDRESS incident handled for FEDEX,CLOSED,client588@example.com,2
TRF-000589,2024-08-11,US,B2B,TRACK00000589,FEDEX,RETURN_REQUEST,Closed RETURN_REQUEST incident handled for FEDEX,CLOSED,client589@example.com,3
TRF-000590,2024-08-12,US,B2C,TRACK00000590,UPS,WRONG_ADDRESS,Closed WRONG_ADDRESS incident handled for UPS,CLOSED,client590@example.com,3
TRF-000591,2024-08-13,US,B2B,TRACK00000591,UPS,RETURN_REQUEST,Closed RETURN_REQUEST incident handled for UPS,CLOSED,client591@example.com,4
TRF-000592,2024-08-14,ES,B2C,TRACK00000592,SEUR,DAMAGE,Closed DAMAGE incident handled for SEUR,CLOSED,client592@example.com,2
TRF-000593,2024-08-15,ES,B2C,TRACK00000593,MRW,DAMAGE,Closed DAMAGE incident handled for MRW,CLOSED,client593@example.com,2
TRF-000594,2024-08-16,ES,B2C,TRACK00000594,MRW,WRONG_ADDRESS,Closed WRONG_ADDRESS incident handled for MRW,CLOSED,client594@example.com,3
TRF-000595,2024-08-17,US,B2C,TRACK00000595,UPS,DAMAGE,Closed DAMAGE incident handled for UPS,CLOSED,client595@example.com,3
TRF-000596,2024-08-18,US,B2C,TRACK00000596,FEDEX,DELAYED_DELIVERY,Closed DELAYED_DELIVERY incident handled for FEDEX,CLOSED,client596@example.com,5
TRF-000597,2024-08-19,US,B2B,TRACK00000597,FEDEX,DAMAGE,Closed DAMAGE incident handled for FEDEX,CLOSED,client597@example.com,2
TRF-000598,2024-08-20,ES,B2C,TRACK00000598,DHL_ES,WRONG_ADDRESS,Closed WRONG_ADDRESS incident handled for DHL_ES,CLOSED,client598@example.com,2
TRF-000599,2024-08-21,ES,B2B,TRACK00000599,SEUR,LOST_PARCEL,Closed LOST_PARCEL incident handled for SEUR,CLOSED,client599@example.com,2
TRF-000600,2024-08-22,ES,B2B,TRACK00000600,MRW,DELAYED_DELIVERY,Closed DELAYED_DELIVERY incident handled for MRW,CLOSED,client600@example.com,5
TRF-000601,2024-08-23,ES,B2C,TRACK00000601,MRW,DAMAGE,Closed DAMAGE incident handled for MRW,CLOSED,client601@example.com,2
TRF-000602,2024-08-24,US,B2B,TRACK00000602,DHL_US,DAMAGE,Closed DAMAGE incident handled for DHL_US,CLOSED,client602@example.com,4
TRF-000603,2024-08-25,US,B2C,TRACK00000603,FEDEX,RETURN_REQUEST,Closed RETURN_REQUEST incident handled for FEDEX,CLOSED,client603@example.com,3
TRF-000604,2024-08-26,ES,B2C,TRACK00000604,DHL_ES,RETURN_REQUEST,Closed RETURN_REQUEST incident handled for DHL_ES,CLOSED,client604@example.com,4
TRF-000605,2024-08-27,US,B2C,TRACK00000605,UPS,WRONG_ADDRESS,Closed WRONG_ADDRESS incident handled for UPS,CLOSED,client605@example.com,2
TRF-000606,2024-08-28,ES,B2B,TRACK00000606,LOCAL_ES,DELAYED_DELIVERY,Closed DELAYED_DELIVERY incident handled for LOCAL_ES,CLOSED,client606@example.com,4
TRF-000607,2024-08-29,ES,B2B,TRACK00000607,LOCAL_ES,WRONG_ADDRESS,Closed WRONG_ADDRESS incident handled for LOCAL_ES,CLOSED,client607@example.com,3
TRF-000608,2024-08-30,US,B2B,TRACK00000608,UPS,LOST_PARCEL,Closed LOST_PARCEL incident handled for UPS,CLOSED,client608@example.com,3
TRF-000609,2024-08-31,ES,B2C,TRACK00000609,SEUR,DELAYED_DELIVERY,Closed DELAYED_DELIVERY incident handled for SEUR,CLOSED,client609@example.com,2
TRF-000610,2024-09-01,ES,B2C,TRACK00000610,MRW,DELAYED_DELIVERY,Closed DELAYED_DELIVERY incident handled for MRW,CLOSED,client610@example.com,3
TRF-000611,2024-09-02,US,B2B,TRACK00000611,DHL_US,DAMAGE,Closed DAMAGE incident handled for DHL_US,CLOSED,client611@example.com,3
TRF-000612,2024-09-03,US,B2C,TRACK00000612,UPS,DELAYED_DELIVERY,Closed DELAYED_DELIVERY incident handled for UPS,CLOSED,client612@example.com,3
TRF-000613,2024-09-04,US,B2B,TRACK00000613,DHL_US,LOST_PARCEL,Closed LOST_PARCEL incident handled for DHL_US,CLOSED,client613@example.com,3
TRF-000614,2024-09-05,ES,B2C,TRACK00000614,DHL_ES,LOST_PARCEL,Closed LOST_PARCEL incident handled for DHL_ES,CLOSED,client614@example.com,3
TRF-000615,2024-09-06,US,B2B,TRACK00000615,DHL_US,DAMAGE,Closed DAMAGE incident handled for DHL_US,CLOSED,client615@example.com,3
TRF-000616,2024-09-07,US,B2B,TRACK00000616,UPS,RETURN_REQUEST,Closed RETURN_REQUEST incident handled for UPS,CLOSED,client616@example.com,4
TRF-000617,2024-09-08,ES,B2C,TRACK00000617,LOCAL_ES,LOST_PARCEL,Closed LOST_PARCEL incident handled for LOCAL_ES,CLOSED,client617@example.com,2
TRF-000618,2024-09-09,US,B2C,TRACK00000618,FEDEX,RETURN_REQUEST,Closed RETURN_REQUEST incident handled for FEDEX,CLOSED,client618@example.com,4
TRF-000619,2024-09-10,US,B2C,TRACK00000619,UPS,DELAYED_DELIVERY,Closed DELAYED_DELIVERY incident handled for UPS,CLOSED,client619@example.com,3
TRF-000620,2024-09-11,US,B2B,TRACK00000620,UPS,DAMAGE,Closed DAMAGE incident handled for UPS,CLOSED,client620@example.com,4
TRF-000621,2024-09-12,US,B2C,TRACK00000621,DHL_US,DAMAGE,Closed DAMAGE incident handled for DHL_US,CLOSED,client621@example.com,3
TRF-000622,2024-09-13,ES,B2B,TRACK00000622,SEUR,LOST_PARCEL,Closed LOST_PARCEL incident handled for SEUR,CLOSED,client622@example.com,3
TRF-000623,2024-09-14,US,B2C,TRACK00000623,FEDEX,LOST_PARCEL,Closed LOST_PARCEL incident handled for FEDEX,CLOSED,client623@example.com,2
TRF-000624,2024-09-15,US,B2C,TRACK00000624,FEDEX,RETURN_REQUEST,Closed RETURN_REQUEST incident handled for FEDEX,CLOSED,client624@example.com,3
TRF-000625,2024-09-16,US,B2B,TRACK00000625,UPS,WRONG_ADDRESS,Closed WRONG_ADDRESS incident handled for UPS,CLOSED,client625@example.com,4
TRF-000626,2024-09-17,ES,B2B,TRACK00000626,LOCAL_ES,DAMAGE,Closed DAMAGE incident handled for LOCAL_ES,CLOSED,client626@example.com,1
TRF-000627,2024-09-18,US,B2C,TRACK00000627,DHL_US,DAMAGE,Closed DAMAGE incident handled for DHL_US,CLOSED,client627@example.com,2
TRF-000628,2024-09-19,ES,B2B,TRACK00000628,SEUR,LOST_PARCEL,Closed LOST_PARCEL incident handled for SEUR,CLOSED,client628@example.com,3
TRF-000629,2024-09-20,ES,B2B,TRACK00000629,SEUR,RETURN_REQUEST,Closed RETURN_REQUEST incident handled for SEUR,CLOSED,client629@example.com,4
TRF-000630,2024-09-21,ES,B2B,TRACK00000630,DHL_ES,DAMAGE,Closed DAMAGE incident handled for DHL_ES,CLOSED,client630@example.com,3
TRF-000631,2024-09-22,US,B2C,TRACK00000631,UPS,WRONG_ADDRESS,Closed WRONG_ADDRESS incident handled for UPS,CLOSED,client631@example.com,3
TRF-000632,2024-09-23,ES,B2B,TRACK00000632,SEUR,DELAYED_DELIVERY,Closed DELAYED_DELIVERY incident handled for SEUR,CLOSED,client632@example.com,4
TRF-000633,2024-09-24,ES,B2B,TRACK00000633,LOCAL_ES,LOST_PARCEL,Closed LOST_PARCEL incident handled for LOCAL_ES,CLOSED,client633@example.com,2
TRF-000634,2024-09-25,ES,B2C,TRACK00000634,LOCAL_ES,DELAYED_DELIVERY,Closed DELAYED_DELIVERY incident handled for LOCAL_ES,CLOSED,client634@example.com,3
TRF-000635,2024-09-26,ES,B2C,TRACK00000635,MRW,DAMAGE,Closed DAMAGE incident handled for MRW,CLOSED,client635@example.com,2
TRF-000636,2024-09-27,US,B2C,TRACK00000636,FEDEX,DAMAGE,Closed DAMAGE incident handled for FEDEX,CLOSED,client636@example.com,2
TRF-000637,2024-09-28,ES,B2B,TRACK00000637,SEUR,DAMAGE,Closed DAMAGE incident handled for SEUR,CLOSED,client637@example.com,4
TRF-000638,2024-09-29,ES,B2B,TRACK00000638,MRW,RETURN_REQUEST,Closed RETURN_REQUEST incident handled for MRW,CLOSED,client638@example.com,5
TRF-000639,2024-09-30,US,B2B,TRACK00000639,DHL_US,DELAYED_DELIVERY,Closed DELAYED_DELIVERY incident handled for DHL_US,CLOSED,client639@example.com,2
TRF-000640,2024-10-01,ES,B2C,TRACK00000640,DHL_ES,DELAYED_DELIVERY,Closed DELAYED_DELIVERY incident handled for DHL_ES,CLOSED,client640@example.com,3
TRF-000641,2024-10-02,ES,B2C,TRACK00000641,LOCAL_ES,DELAYED_DELIVERY,Closed DELAYED_DELIVERY incident handled for LOCAL_ES,CLOSED,client641@example.com,4
TRF-000642,2024-10-03,ES,B2C,TRACK00000642,SEUR,RETURN_REQUEST,Closed RETURN_REQUEST incident handled for SEUR,CLOSED,client642@example.com,3
TRF-000643,2024-10-04,US,B2B,TRACK00000643,UPS,DAMAGE,Closed DAMAGE incident handled for UPS,CLOSED,client643@example.com,2
TRF-000644,2024-10-05,US,B2B,TRACK00000644,FEDEX,LOST_PARCEL,Closed LOST_PARCEL incident handled for FEDEX,CLOSED,client644@example.com,2
TRF-000645,2024-10-06,ES,B2B,TRACK00000645,LOCAL_ES,WRONG_ADDRESS,Closed WRONG_ADDRESS incident handled for LOCAL_ES,CLOSED,client645@example.com,3
TRF-000646,2024-10-07,ES,B2C,TRACK00000646,MRW,DELAYED_DELIVERY,Closed DELAYED_DELIVERY incident handled for MRW,CLOSED,client646@example.com,3
TRF-000647,2024-10-08,ES,B2C,TRACK00000647,MRW,DAMAGE,Closed DAMAGE incident handled for MRW,CLOSED,client647@example.com,2
TRF-000648,2024-10-09,US,B2C,TRACK00000648,DHL_US,DELAYED_DELIVERY,Closed DELAYED_DELIVERY incident handled for DHL_US,CLOSED,client648@example.com,4
TRF-000649,2024-10-10,ES,B2C,TRACK00000649,MRW,LOST_PARCEL,Closed LOST_PARCEL incident handled for MRW,CLOSED,client649@example.com,3
TRF-000650,2024-10-11,ES,B2B,TRACK00000650,DHL_ES,WRONG_ADDRESS,Closed WRONG_ADDRESS incident handled for DHL_ES,CLOSED,client650@example.com,4
TRF-000651,2024-10-12,ES,B2C,TRACK00000651,MRW,RETURN_REQUEST,Closed RETURN_REQUEST incident handled for MRW,CLOSED,client651@example.com,3
TRF-000652,2024-10-13,ES,B2C,TRACK00000652,DHL_ES,LOST_PARCEL,Closed LOST_PARCEL incident handled for DHL_ES,CLOSED,client652@example.com,3
TRF-000653,2024-10-14,ES,B2B,TRACK00000653,DHL_ES,WRONG_ADDRESS,Closed WRONG_ADDRESS incident handled for DHL_ES,CLOSED,client653@example.com,3
TRF-000654,2024-10-15,US,B2B,TRACK00000654,DHL_US,LOST_PARCEL,Closed LOST_PARCEL incident handled for DHL_US,CLOSED,client654@example.com,3
TRF-000655,2024-10-16,US,B2B,TRACK00000655,UPS,RETURN_REQUEST,Closed RETURN_REQUEST incident handled for UPS,CLOSED,client655@example.com,4
TRF-000656,2024-10-17,ES,B2B,TRACK00000656,DHL_ES,LOST_PARCEL,Closed LOST_PARCEL incident handled for DHL_ES,CLOSED,client656@example.com,3
TRF-000657,2024-10-18,ES,B2C,TRACK00000657,SEUR,LOST_PARCEL,Closed LOST_PARCEL incident handled for SEUR,CLOSED,client657@example.com,2
TRF-000658,2024-10-19,ES,B2C,TRACK00000658,DHL_ES,WRONG_ADDRESS,Closed WRONG_ADDRESS incident handled for DHL_ES,CLOSED,client658@example.com,3
TRF-000659,2024-10-20,US,B2C,TRACK00000659,DHL_US,RETURN_REQUEST,Closed RETURN_REQUEST incident handled for DHL_US,CLOSED,client659@example.com,4
TRF-000660,2024-10-21,US,B2C,TRACK00000660,UPS,RETURN_REQUEST,Closed RETURN_REQUEST incident handled for UPS,CLOSED,client660@example.com,3
TRF-000661,2024-10-22,US,B2B,TRACK00000661,UPS,WRONG_ADDRESS,Closed WRONG_ADDRESS incident handled for UPS,CLOSED,client661@example.com,3
TRF-000662,2024-10-23,US,B2B,TRACK00000662,UPS,WRONG_ADDRESS,Closed WRONG_ADDRESS incident handled for UPS,CLOSED,client662@example.com,3
TRF-000663,2024-10-24,ES,B2C,TRACK00000663,DHL_ES,DELAYED_DELIVERY,Closed DELAYED_DELIVERY incident handled for DHL_ES,CLOSED,client663@example.com,4
TRF-000664,2024-10-25,ES,B2C,TRACK00000664,LOCAL_ES,DELAYED_DELIVERY,Closed DELAYED_DELIVERY incident handled for LOCAL_ES,CLOSED,client664@example.com,3
TRF-000665,2024-10-26,US,B2B,TRACK00000665,DHL_US,RETURN_REQUEST,Closed RETURN_REQUEST incident handled for DHL_US,CLOSED,client665@example.com,4
TRF-000666,2024-10-27,US,B2C,TRACK00000666,UPS,LOST_PARCEL,Closed LOST_PARCEL incident handled for UPS,CLOSED,client666@example.com,3
TRF-000667,2024-10-28,ES,B2B,TRACK00000667,SEUR,WRONG_ADDRESS,Closed WRONG_ADDRESS incident handled for SEUR,CLOSED,client667@example.com,3
TRF-000668,2024-10-29,ES,B2C,TRACK00000668,SEUR,WRONG_ADDRESS,Closed WRONG_ADDRESS incident handled for SEUR,CLOSED,client668@example.com,3
TRF-000669,2024-10-30,US,B2C,TRACK00000669,UPS,RETURN_REQUEST,Closed RETURN_REQUEST incident handled for UPS,CLOSED,client669@example.com,3
TRF-000670,2024-10-31,US,B2B,TRACK00000670,FEDEX,RETURN_REQUEST,Closed RETURN_REQUEST incident handled for FEDEX,CLOSED,client670@example.com,4
TRF-000671,2024-11-01,US,B2B,TRACK00000671,UPS,DELAYED_DELIVERY,Closed DELAYED_DELIVERY incident handled for UPS,CLOSED,client671@example.com,4
TRF-000672,2024-11-02,ES,B2B,TRACK00000672,LOCAL_ES,LOST_PARCEL,Closed LOST_PARCEL incident handled for LOCAL_ES,CLOSED,client672@example.com,2
TRF-000673,2024-11-03,US,B2B,TRACK00000673,FEDEX,LOST_PARCEL,Closed LOST_PARCEL incident handled for FEDEX,CLOSED,client673@example.com,3
TRF-000674,2024-11-04,ES,B2B,TRACK00000674,SEUR,DAMAGE,Closed DAMAGE incident handled for SEUR,CLOSED,client674@example.com,2
TRF-000675,2024-11-05,US,B2C,TRACK00000675,DHL_US,DAMAGE,Closed DAMAGE incident handled for DHL_US,CLOSED,client675@example.com,3
TRF-000676,2024-11-06,ES,B2C,TRACK00000676,DHL_ES,DELAYED_DELIVERY,Closed DELAYED_DELIVERY incident handled for DHL_ES,CLOSED,client676@example.com,4
TRF-000677,2024-11-07,ES,B2C,TRACK00000677,LOCAL_ES,WRONG_ADDRESS,Closed WRONG_ADDRESS incident handled for LOCAL_ES,CLOSED,client677@example.com,2
TRF-000678,2024-11-08,ES,B2B,TRACK00000678,LOCAL_ES,RETURN_REQUEST,Closed RETURN_REQUEST incident handled for LOCAL_ES,CLOSED,client678@example.com,3
TRF-000679,2024-11-09,ES,B2B,TRACK00000679,DHL_ES,WRONG_ADDRESS,Closed WRONG_ADDRESS incident handled for DHL_ES,CLOSED,client679@example.com,2
TRF-000680,2024-11-10,US,B2B,TRACK00000680,DHL_US,LOST_PARCEL,Closed LOST_PARCEL incident handled for DHL_US,CLOSED,client680@example.com,2
TRF-000681,2024-11-11,US,B2B,TRACK00000681,DHL_US,WRONG_ADDRESS,Closed WRONG_ADDRESS incident handled for DHL_US,CLOSED,client681@example.com,2
TRF-000682,2024-11-12,US,B2B,TRACK00000682,DHL_US,DELAYED_DELIVERY,Closed DELAYED_DELIVERY incident handled for DHL_US,CLOSED,client682@example.com,4
TRF-000683,2024-11-13,ES,B2B,TRACK00000683,LOCAL_ES,DAMAGE,Closed DAMAGE incident handled for LOCAL_ES,CLOSED,client683@example.com,3
TRF-000684,2024-11-14,US,B2B,TRACK00000684,UPS,WRONG_ADDRESS,Closed WRONG_ADDRESS incident handled for UPS,CLOSED,client684@example.com,4
TRF-000685,2024-11-15,ES,B2C,TRACK00000685,DHL_ES,DAMAGE,Closed DAMAGE incident handled for DHL_ES,CLOSED,client685@example.com,3
TRF-000686,2024-11-16,ES,B2C,TRACK00000686,DHL_ES,RETURN_REQUEST,Closed RETURN_REQUEST incident handled for DHL_ES,CLOSED,client686@example.com,3
TRF-000687,2024-11-17,US,B2C,TRACK00000687,UPS,WRONG_ADDRESS,Closed WRONG_ADDRESS incident handled for UPS,CLOSED,client687@example.com,3
TRF-000688,2024-11-18,US,B2C,TRACK00000688,FEDEX,DAMAGE,Closed DAMAGE incident handled for FEDEX,CLOSED,client688@example.com,2
TRF-000689,2024-11-19,ES,B2B,TRACK00000689,SEUR,LOST_PARCEL,Closed LOST_PARCEL incident handled for SEUR,CLOSED,client689@example.com,3
TRF-000690,2024-11-20,ES,B2C,TRACK00000690,MRW,RETURN_REQUEST,Closed RETURN_REQUEST incident handled for MRW,CLOSED,client690@example.com,4
TRF-000691,2024-11-21,ES,B2B,TRACK00000691,DHL_ES,DELAYED_DELIVERY,Closed DELAYED_DELIVERY incident handled for DHL_ES,CLOSED,client691@example.com,4
TRF-000692,2024-11-22,US,B2C,TRACK00000692,FEDEX,DELAYED_DELIVERY,Closed DELAYED_DELIVERY incident handled for FEDEX,CLOSED,client692@example.com,3
TRF-000693,2024-11-23,ES,B2C,TRACK00000693,SEUR,LOST_PARCEL,Closed LOST_PARCEL incident handled for SEUR,CLOSED,client693@example.com,3
TRF-000694,2024-11-24,US,B2C,TRACK00000694,UPS,LOST_PARCEL,Closed LOST_PARCEL incident handled for UPS,CLOSED,client694@example.com,2
TRF-000695,2024-11-25,ES,B2B,TRACK00000695,MRW,WRONG_ADDRESS,Closed WRONG_ADDRESS incident handled for MRW,CLOSED,client695@example.com,4
TRF-000696,2024-11-26,ES,B2C,TRACK00000696,MRW,RETURN_REQUEST,Closed RETURN_REQUEST incident handled for MRW,CLOSED,client696@example.com,4
TRF-000697,2024-11-27,US,B2C,TRACK00000697,DHL_US,DAMAGE,Closed DAMAGE incident handled for DHL_US,CLOSED,client697@example.com,2
TRF-000698,2024-11-28,US,B2C,TRACK00000698,DHL_US,WRONG_ADDRESS,Closed WRONG_ADDRESS incident handled for DHL_US,CLOSED,client698@example.com,2
TRF-000699,2024-11-29,US,B2B,TRACK00000699,FEDEX,WRONG_ADDRESS,Closed WRONG_ADDRESS incident handled for FEDEX,CLOSED,client699@example.com,4
TRF-000700,2024-11-30,ES,B2B,TRACK00000700,DHL_ES,RETURN_REQUEST,Closed RETURN_REQUEST incident handled for DHL_ES,CLOSED,client700@example.com,4
TRF-000701,2024-12-01,US,B2C,TRACK00000701,UPS,LOST_PARCEL,Closed LOST_PARCEL incident handled for UPS,CLOSED,client701@example.com,2
TRF-000702,2024-12-02,US,B2B,TRACK00000702,UPS,DAMAGE,Closed DAMAGE incident handled for UPS,CLOSED,client702@example.com,2
TRF-000703,2024-12-03,US,B2B,TRACK00000703,UPS,DAMAGE,Closed DAMAGE incident handled for UPS,CLOSED,client703@example.com,3
TRF-000704,2024-12-04,US,B2B,TRACK00000704,UPS,DAMAGE,Closed DAMAGE incident handled for UPS,CLOSED,client704@example.com,3
TRF-000705,2024-12-05,ES,B2B,TRACK00000705,SEUR,DELAYED_DELIVERY,Closed DELAYED_DELIVERY incident handled for SEUR,CLOSED,client705@example.com,4
TRF-000706,2024-12-06,ES,B2B,TRACK00000706,MRW,DELAYED_DELIVERY,Closed DELAYED_DELIVERY incident handled for MRW,CLOSED,client706@example.com,4
TRF-000707,2024-12-07,ES,B2C,TRACK00000707,LOCAL_ES,DELAYED_DELIVERY,Closed DELAYED_DELIVERY incident handled for LOCAL_ES,CLOSED,client707@example.com,3
TRF-000708,2024-12-08,ES,B2B,TRACK00000708,DHL_ES,DAMAGE,Closed DAMAGE incident handled for DHL_ES,CLOSED,client708@example.com,3
TRF-000709,2024-12-09,US,B2C,TRACK00000709,DHL_US,RETURN_REQUEST,Closed RETURN_REQUEST incident handled for DHL_US,CLOSED,client709@example.com,4
TRF-000710,2024-12-10,US,B2C,TRACK00000710,FEDEX,LOST_PARCEL,Closed LOST_PARCEL incident handled for FEDEX,CLOSED,client710@example.com,3
TRF-000711,2024-12-11,ES,B2C,TRACK00000711,SEUR,LOST_PARCEL,Closed LOST_PARCEL incident handled for SEUR,CLOSED,client711@example.com,1
TRF-000712,2024-12-12,ES,B2C,TRACK00000712,LOCAL_ES,WRONG_ADDRESS,Closed WRONG_ADDRESS incident handled for LOCAL_ES,CLOSED,client712@example.com,2
TRF-000713,2024-12-13,US,B2B,TRACK00000713,FEDEX,LOST_PARCEL,Closed LOST_PARCEL incident handled for FEDEX,CLOSED,client713@example.com,2
TRF-000714,2024-12-14,ES,B2C,TRACK00000714,LOCAL_ES,DAMAGE,Closed DAMAGE incident handled for LOCAL_ES,CLOSED,client714@example.com,2
TRF-000715,2024-12-15,US,B2B,TRACK00000715,UPS,RETURN_REQUEST,Closed RETURN_REQUEST incident handled for UPS,CLOSED,client715@example.com,4
TRF-000716,2024-12-16,ES,B2B,TRACK00000716,MRW,RETURN_REQUEST,Closed RETURN_REQUEST incident handled for MRW,CLOSED,client716@example.com,4
TRF-000717,2024-12-17,ES,B2B,TRACK00000717,SEUR,DAMAGE,Closed DAMAGE incident handled for SEUR,CLOSED,client717@example.com,3
TRF-000718,2024-12-18,US,B2C,TRACK00000718,UPS,DAMAGE,Closed DAMAGE incident handled for UPS,CLOSED,client718@example.com,3
TRF-000719,2024-12-19,ES,B2C,TRACK00000719,SEUR,RETURN_REQUEST,Closed RETURN_REQUEST incident handled for SEUR,CLOSED,client719@example.com,3
TRF-000720,2024-12-20,US,B2C,TRACK00000720,UPS,DELAYED_DELIVERY,Closed DELAYED_DELIVERY incident handled for UPS,CLOSED,client720@example.com,4
TRF-000721,2024-12-21,ES,B2C,TRACK00000721,SEUR,RETURN_REQUEST,Closed RETURN_REQUEST incident handled for SEUR,CLOSED,client721@example.com,4
TRF-000722,2024-12-22,US,B2B,TRACK00000722,DHL_US,DAMAGE,Closed DAMAGE incident handled for DHL_US,CLOSED,client722@example.com,4
TRF-000723,2024-12-23,US,B2C,TRACK00000723,DHL_US,WRONG_ADDRESS,Closed WRONG_ADDRESS incident handled for DHL_US,CLOSED,client723@example.com,3
TRF-000724,2024-12-24,US,B2C,TRACK00000724,UPS,DAMAGE,Closed DAMAGE incident handled for UPS,CLOSED,client724@example.com,3
TRF-000725,2024-12-25,US,B2C,TRACK00000725,DHL_US,DELAYED_DELIVERY,Closed DELAYED_DELIVERY incident handled for DHL_US,CLOSED,client725@example.com,3
TRF-000726,2024-12-26,US,B2B,TRACK00000726,DHL_US,DAMAGE,Closed DAMAGE incident handled for DHL_US,CLOSED,client726@example.com,3
TRF-000727,2024-12-27,US,B2B,TRACK00000727,DHL_US,DELAYED_DELIVERY,Closed DELAYED_DELIVERY incident handled for DHL_US,CLOSED,client727@example.com,3
TRF-000728,2024-12-28,US,B2B,TRACK00000728,DHL_US,LOST_PARCEL,Closed LOST_PARCEL incident handled for DHL_US,CLOSED,client728@example.com,2
TRF-000729,2024-12-29,US,B2C,TRACK00000729,UPS,LOST_PARCEL,Closed LOST_PARCEL incident handled for UPS,CLOSED,client729@example.com,2
TRF-000730,2024-12-30,US,B2C,TRACK00000730,DHL_US,DELAYED_DELIVERY,Closed DELAYED_DELIVERY incident handled for DHL_US,CLOSED,client730@example.com,4
TRF-000731,2024-12-31,US,B2C,TRACK00000731,UPS,LOST_PARCEL,Closed LOST_PARCEL incident handled for UPS,CLOSED,client731@example.com,3
TRF-000732,2025-01-01,US,B2B,TRACK00000732,FEDEX,WRONG_ADDRESS,Closed WRONG_ADDRESS incident handled for FEDEX,CLOSED,client732@example.com,3
TRF-000733,2025-01-02,ES,B2B,TRACK00000733,LOCAL_ES,RETURN_REQUEST,Closed RETURN_REQUEST incident handled for LOCAL_ES,CLOSED,client733@example.com,5
TRF-000734,2025-01-03,US,B2C,TRACK00000734,FEDEX,RETURN_REQUEST,Closed RETURN_REQUEST incident handled for FEDEX,CLOSED,client734@example.com,5
TRF-000735,2025-01-04,ES,B2C,TRACK00000735,MRW,WRONG_ADDRESS,Closed WRONG_ADDRESS incident handled for MRW,CLOSED,client735@example.com,3
TRF-000736,2025-01-05,US,B2B,TRACK00000736,UPS,DELAYED_DELIVERY,Closed DELAYED_DELIVERY incident handled for UPS,CLOSED,client736@example.com,3
TRF-000737,2025-01-06,ES,B2B,TRACK00000737,SEUR,DELAYED_DELIVERY,Closed DELAYED_DELIVERY incident handled for SEUR,CLOSED,client737@example.com,4
TRF-000738,2025-01-07,ES,B2C,TRACK00000738,SEUR,WRONG_ADDRESS,Closed WRONG_ADDRESS incident handled for SEUR,CLOSED,client738@example.com,3
TRF-000739,2025-01-08,ES,B2C,TRACK00000739,MRW,LOST_PARCEL,Closed LOST_PARCEL incident handled for MRW,CLOSED,client739@example.com,3
TRF-000740,2025-01-09,ES,B2B,TRACK00000740,DHL_ES,WRONG_ADDRESS,Closed WRONG_ADDRESS incident handled for DHL_ES,CLOSED,client740@example.com,3
TRF-000741,2025-01-10,ES,B2C,TRACK00000741,DHL_ES,WRONG_ADDRESS,Closed WRONG_ADDRESS incident handled for DHL_ES,CLOSED,client741@example.com,3
TRF-000742,2025-01-11,ES,B2B,TRACK00000742,SEUR,DAMAGE,Closed DAMAGE incident handled for SEUR,CLOSED,client742@example.com,3
TRF-000743,2025-01-12,US,B2B,TRACK00000743,UPS,DAMAGE,Closed DAMAGE incident handled for UPS,CLOSED,client743@example.com,2
TRF-000744,2025-01-13,ES,B2B,TRACK00000744,SEUR,RETURN_REQUEST,Closed RETURN_REQUEST incident handled for SEUR,CLOSED,client744@example.com,3
TRF-000745,2025-01-14,ES,B2C,TRACK00000745,SEUR,DELAYED_DELIVERY,Closed DELAYED_DELIVERY incident handled for SEUR,CLOSED,client745@example.com,3
TRF-000746,2025-01-15,US,B2C,TRACK00000746,FEDEX,RETURN_REQUEST,Closed RETURN_REQUEST incident handled for FEDEX,CLOSED,client746@example.com,4
TRF-000747,2025-01-16,US,B2C,TRACK00000747,FEDEX,DELAYED_DELIVERY,Closed DELAYED_DELIVERY incident handled for FEDEX,CLOSED,client747@example.com,4
TRF-000748,2025-01-17,US,B2C,TRACK00000748,FEDEX,LOST_PARCEL,Closed LOST_PARCEL incident handled for FEDEX,CLOSED,client748@example.com,3
TRF-000749,2025-01-18,US,B2B,TRACK00000749,UPS,RETURN_REQUEST,Closed RETURN_REQUEST incident handled for UPS,CLOSED,client749@example.com,5
TRF-000750,2025-01-19,ES,B2B,TRACK00000750,LOCAL_ES,DAMAGE,Closed DAMAGE incident handled for LOCAL_ES,CLOSED,client750@example.com,4
TRF-000751,2025-01-20,US,B2B,TRACK00000751,FEDEX,LOST_PARCEL,Closed LOST_PARCEL incident handled for FEDEX,CLOSED,client751@example.com,3
TRF-000752,2025-01-21,US,B2C,TRACK00000752,FEDEX,LOST_PARCEL,Closed LOST_PARCEL incident handled for FEDEX,CLOSED,client752@example.com,1
TRF-000753,2025-01-22,ES,B2C,TRACK00000753,DHL_ES,DAMAGE,Closed DAMAGE incident handled for DHL_ES,CLOSED,client753@example.com,3
TRF-000754,2025-01-23,ES,B2C,TRACK00000754,LOCAL_ES,WRONG_ADDRESS,Closed WRONG_ADDRESS incident handled for LOCAL_ES,CLOSED,client754@example.com,3
TRF-000755,2025-01-24,US,B2B,TRACK00000755,FEDEX,RETURN_REQUEST,Closed RETURN_REQUEST incident handled for FEDEX,CLOSED,client755@example.com,5
TRF-000756,2025-01-25,ES,B2B,TRACK00000756,DHL_ES,WRONG_ADDRESS,Closed WRONG_ADDRESS incident handled for DHL_ES,CLOSED,client756@example.com,3
TRF-000757,2025-01-26,ES,B2C,TRACK00000757,SEUR,RETURN_REQUEST,Closed RETURN_REQUEST incident handled for SEUR,CLOSED,client757@example.com,3
TRF-000758,2025-01-27,ES,B2C,TRACK00000758,MRW,WRONG_ADDRESS,Closed WRONG_ADDRESS incident handled for MRW,CLOSED,client758@example.com,3
TRF-000759,2025-01-28,US,B2B,TRACK00000759,UPS,DELAYED_DELIVERY,Closed DELAYED_DELIVERY incident handled for UPS,CLOSED,client759@example.com,5
TRF-000760,2025-01-29,US,B2C,TRACK00000760,DHL_US,WRONG_ADDRESS,Closed WRONG_ADDRESS incident handled for DHL_US,CLOSED,client760@example.com,3
TRF-000761,2025-01-30,ES,B2B,TRACK00000761,SEUR,RETURN_REQUEST,Closed RETURN_REQUEST incident handled for SEUR,CLOSED,client761@example.com,3
TRF-000762,2025-01-31,ES,B2B,TRACK00000762,MRW,DAMAGE,Closed DAMAGE incident handled for MRW,CLOSED,client762@example.com,4
TRF-000763,2025-02-01,ES,B2C,TRACK00000763,LOCAL_ES,DELAYED_DELIVERY,Closed DELAYED_DELIVERY incident handled for LOCAL_ES,CLOSED,client763@example.com,4
TRF-000764,2025-02-02,US,B2B,TRACK00000764,FEDEX,DAMAGE,Closed DAMAGE incident handled for FEDEX,CLOSED,client764@example.com,2
TRF-000765,2025-02-03,ES,B2B,TRACK00000765,DHL_ES,WRONG_ADDRESS,Closed WRONG_ADDRESS incident handled for DHL_ES,CLOSED,client765@example.com,4
TRF-000766,2025-02-04,ES,B2C,TRACK00000766,LOCAL_ES,RETURN_REQUEST,Closed RETURN_REQUEST incident handled for LOCAL_ES,CLOSED,client766@example.com,3
TRF-000767,2025-02-05,US,B2B,TRACK00000767,FEDEX,LOST_PARCEL,Closed LOST_PARCEL incident handled for FEDEX,CLOSED,client767@example.com,3
TRF-000768,2025-02-06,US,B2B,TRACK00000768,UPS,DELAYED_DELIVERY,Closed DELAYED_DELIVERY incident handled for UPS,CLOSED,client768@example.com,4
TRF-000769,2025-02-07,ES,B2C,TRACK00000769,SEUR,RETURN_REQUEST,Closed RETURN_REQUEST incident handled for SEUR,CLOSED,client769@example.com,4
TRF-000770,2025-02-08,ES,B2B,TRACK00000770,MRW,LOST_PARCEL,Closed LOST_PARCEL incident handled for MRW,CLOSED,client770@example.com,3
TRF-000771,2025-02-09,US,B2C,TRACK00000771,UPS,DELAYED_DELIVERY,Closed DELAYED_DELIVERY incident handled for UPS,CLOSED,client771@example.com,3
TRF-000772,2025-02-10,US,B2C,TRACK00000772,UPS,LOST_PARCEL,Closed LOST_PARCEL incident handled for UPS,CLOSED,client772@example.com,1
TRF-000773,2025-02-11,ES,B2B,TRACK00000773,DHL_ES,LOST_PARCEL,Closed LOST_PARCEL incident handled for DHL_ES,CLOSED,client773@example.com,3
TRF-000774,2025-02-12,US,B2B,TRACK00000774,UPS,RETURN_REQUEST,Closed RETURN_REQUEST incident handled for UPS,CLOSED,client774@example.com,4
TRF-000775,2025-02-13,US,B2B,TRACK00000775,DHL_US,DAMAGE,Closed DAMAGE incident handled for DHL_US,CLOSED,client775@example.com,3
TRF-000776,2025-02-14,ES,B2B,TRACK00000776,MRW,DELAYED_DELIVERY,Closed DELAYED_DELIVERY incident handled for MRW,CLOSED,client776@example.com,4
TRF-000777,2025-02-15,ES,B2B,TRACK00000777,DHL_ES,DAMAGE,Closed DAMAGE incident handled for DHL_ES,CLOSED,client777@example.com,3
TRF-000778,2025-02-16,US,B2C,TRACK00000778,UPS,DAMAGE,Closed DAMAGE incident handled for UPS,CLOSED,client778@example.com,2
TRF-000779,2025-02-17,US,B2B,TRACK00000779,UPS,DELAYED_DELIVERY,Closed DELAYED_DELIVERY incident handled for UPS,CLOSED,client779@example.com,4
TRF-000780,2025-02-18,ES,B2B,TRACK00000780,LOCAL_ES,RETURN_REQUEST,Closed RETURN_REQUEST incident handled for LOCAL_ES,CLOSED,client780@example.com,4
TRF-000781,2025-02-19,ES,B2C,TRACK00000781,SEUR,DELAYED_DELIVERY,Closed DELAYED_DELIVERY incident handled for SEUR,CLOSED,client781@example.com,5
TRF-000782,2025-02-20,US,B2C,TRACK00000782,FEDEX,DAMAGE,Closed DAMAGE incident handled for FEDEX,CLOSED,client782@example.com,3
TRF-000783,2025-02-21,ES,B2B,TRACK00000783,LOCAL_ES,DAMAGE,Closed DAMAGE incident handled for LOCAL_ES,CLOSED,client783@example.com,3
TRF-000784,2025-02-22,US,B2C,TRACK00000784,DHL_US,LOST_PARCEL,Closed LOST_PARCEL incident handled for DHL_US,CLOSED,client784@example.com,2
TRF-000785,2025-02-23,ES,B2B,TRACK00000785,SEUR,DAMAGE,Closed DAMAGE incident handled for SEUR,CLOSED,client785@example.com,4
TRF-000786,2025-02-24,US,B2B,TRACK00000786,FEDEX,DELAYED_DELIVERY,Closed DELAYED_DELIVERY incident handled for FEDEX,CLOSED,client786@example.com,4
TRF-000787,2025-02-25,ES,B2B,TRACK00000787,SEUR,RETURN_REQUEST,Closed RETURN_REQUEST incident handled for SEUR,CLOSED,client787@example.com,3
TRF-000788,2025-02-26,US,B2C,TRACK00000788,UPS,DAMAGE,Closed DAMAGE incident handled for UPS,CLOSED,client788@example.com,4
TRF-000789,2025-02-27,ES,B2C,TRACK00000789,MRW,WRONG_ADDRESS,Closed WRONG_ADDRESS incident handled for MRW,CLOSED,client789@example.com,3
TRF-000790,2025-02-28,US,B2B,TRACK00000790,UPS,WRONG_ADDRESS,Closed WRONG_ADDRESS incident handled for UPS,CLOSED,client790@example.com,3
TRF-000791,2025-03-01,US,B2C,TRACK00000791,UPS,DELAYED_DELIVERY,Closed DELAYED_DELIVERY incident handled for UPS,CLOSED,client791@example.com,5
TRF-000792,2025-03-02,US,B2C,TRACK00000792,UPS,DELAYED_DELIVERY,Closed DELAYED_DELIVERY incident handled for UPS,CLOSED,client792@example.com,4
TRF-000793,2025-03-03,ES,B2C,TRACK00000793,DHL_ES,DELAYED_DELIVERY,Closed DELAYED_DELIVERY incident handled for DHL_ES,CLOSED,client793@example.com,2
TRF-000794,2025-03-04,ES,B2C,TRACK00000794,MRW,DELAYED_DELIVERY,Closed DELAYED_DELIVERY incident handled for MRW,CLOSED,client794@example.com,3
TRF-000795,2025-03-05,ES,B2B,TRACK00000795,SEUR,DELAYED_DELIVERY,Closed DELAYED_DELIVERY incident handled for SEUR,CLOSED,client795@example.com,5
TRF-000796,2025-03-06,US,B2C,TRACK00000796,FEDEX,RETURN_REQUEST,Closed RETURN_REQUEST incident handled for FEDEX,CLOSED,client796@example.com,4
TRF-000797,2025-03-07,ES,B2C,TRACK00000797,LOCAL_ES,WRONG_ADDRESS,Closed WRONG_ADDRESS incident handled for LOCAL_ES,CLOSED,client797@example.com,2
TRF-000798,2025-03-08,US,B2C,TRACK00000798,UPS,WRONG_ADDRESS,Closed WRONG_ADDRESS incident handled for UPS,CLOSED,client798@example.com,3
TRF-000799,2025-03-09,ES,B2C,TRACK00000799,SEUR,WRONG_ADDRESS,Closed WRONG_ADDRESS incident handled for SEUR,CLOSED,client799@example.com,4
TRF-000800,2025-03-10,ES,B2B,TRACK00000800,LOCAL_ES,WRONG_ADDRESS,Closed WRONG_ADDRESS incident handled for LOCAL_ES,CLOSED,client800@example.com,3
